core_id,comparison,language,script_a,script_b,noise_level,layer,distance
CA01,Native_vs_Romanized,Hindi,Devanagari,Latin,Formal,2,0.09523392
CA01,Native_vs_Romanized,Hindi,Devanagari,Latin,Formal,6,0.08501309
CA01,Native_vs_Romanized,Hindi,Devanagari,Latin,Formal,12,0.007939339
CA01,Native_vs_Romanized,Hindi,Devanagari,Latin,SMS/Noisy,2,0.122238874
CA01,Native_vs_Romanized,Hindi,Devanagari,Latin,SMS/Noisy,6,0.088478446
CA01,Native_vs_Romanized,Hindi,Devanagari,Latin,SMS/Noisy,12,0.0073843
CA01,Native_vs_Romanized,Marathi,Devanagari,Latin,Formal,2,0.12477946
CA01,Native_vs_Romanized,Marathi,Devanagari,Latin,Formal,6,0.10119939
CA01,Native_vs_Romanized,Marathi,Devanagari,Latin,Formal,12,0.010953307
CA01,Native_vs_Romanized,Marathi,Devanagari,Latin,SMS/Noisy,2,0.07324648
CA01,Native_vs_Romanized,Marathi,Devanagari,Latin,SMS/Noisy,6,0.067067444
CA01,Native_vs_Romanized,Marathi,Devanagari,Latin,SMS/Noisy,12,0.006530106
CA01,Formal_vs_Noisy,English,Latin,Latin,Formal_vs_SMS,2,0.02921164
CA01,Formal_vs_Noisy,English,Latin,Latin,Formal_vs_SMS,6,0.06281805
CA01,Formal_vs_Noisy,English,Latin,Latin,Formal_vs_SMS,12,0.0068009496
CA01,Formal_vs_Noisy,Hindi,Devanagari,Devanagari,Formal_vs_SMS,2,0.06265098
CA01,Formal_vs_Noisy,Hindi,Devanagari,Devanagari,Formal_vs_SMS,6,0.053842247
CA01,Formal_vs_Noisy,Hindi,Devanagari,Devanagari,Formal_vs_SMS,12,0.0025345683
CA01,Formal_vs_Noisy,Hindi,Latin,Latin,Formal_vs_SMS,2,0.058057904
CA01,Formal_vs_Noisy,Hindi,Latin,Latin,Formal_vs_SMS,6,0.063633084
CA01,Formal_vs_Noisy,Hindi,Latin,Latin,Formal_vs_SMS,12,0.0057290196
CA01,Formal_vs_Noisy,Marathi,Devanagari,Devanagari,Formal_vs_SMS,2,0.086325824
CA01,Formal_vs_Noisy,Marathi,Devanagari,Devanagari,Formal_vs_SMS,6,0.059401333
CA01,Formal_vs_Noisy,Marathi,Devanagari,Devanagari,Formal_vs_SMS,12,0.0054627657
CA01,Formal_vs_Noisy,Marathi,Latin,Latin,Formal_vs_SMS,2,0.08416402
CA01,Formal_vs_Noisy,Marathi,Latin,Latin,Formal_vs_SMS,6,0.104197204
CA01,Formal_vs_Noisy,Marathi,Latin,Latin,Formal_vs_SMS,12,0.0074032545
CA02,Native_vs_Romanized,Hindi,Devanagari,Latin,Formal,2,0.101890564
CA02,Native_vs_Romanized,Hindi,Devanagari,Latin,Formal,6,0.10584599
CA02,Native_vs_Romanized,Hindi,Devanagari,Latin,Formal,12,0.011279583
CA02,Native_vs_Romanized,Hindi,Devanagari,Latin,SMS/Noisy,2,0.103349805
CA02,Native_vs_Romanized,Hindi,Devanagari,Latin,SMS/Noisy,6,0.0677169
CA02,Native_vs_Romanized,Hindi,Devanagari,Latin,SMS/Noisy,12,0.0071250796
CA02,Native_vs_Romanized,Marathi,Devanagari,Latin,Formal,2,0.11564124
CA02,Native_vs_Romanized,Marathi,Devanagari,Latin,Formal,6,0.0903039
CA02,Native_vs_Romanized,Marathi,Devanagari,Latin,Formal,12,0.009307146
CA02,Native_vs_Romanized,Marathi,Devanagari,Latin,SMS/Noisy,2,0.15493965
CA02,Native_vs_Romanized,Marathi,Devanagari,Latin,SMS/Noisy,6,0.13334692
CA02,Native_vs_Romanized,Marathi,Devanagari,Latin,SMS/Noisy,12,0.01147294
CA02,Formal_vs_Noisy,English,Latin,Latin,Formal_vs_SMS,2,0.017838538
CA02,Formal_vs_Noisy,English,Latin,Latin,Formal_vs_SMS,6,0.029118419
CA02,Formal_vs_Noisy,English,Latin,Latin,Formal_vs_SMS,12,0.0026795864
CA02,Formal_vs_Noisy,Hindi,Devanagari,Devanagari,Formal_vs_SMS,2,0.027974784
CA02,Formal_vs_Noisy,Hindi,Devanagari,Devanagari,Formal_vs_SMS,6,0.034472466
CA02,Formal_vs_Noisy,Hindi,Devanagari,Devanagari,Formal_vs_SMS,12,0.0028192997
CA02,Formal_vs_Noisy,Hindi,Latin,Latin,Formal_vs_SMS,2,0.055285633
CA02,Formal_vs_Noisy,Hindi,Latin,Latin,Formal_vs_SMS,6,0.053723395
CA02,Formal_vs_Noisy,Hindi,Latin,Latin,Formal_vs_SMS,12,0.0033593178
CA02,Formal_vs_Noisy,Marathi,Devanagari,Devanagari,Formal_vs_SMS,2,0.04077238
CA02,Formal_vs_Noisy,Marathi,Devanagari,Devanagari,Formal_vs_SMS,6,0.039158344
CA02,Formal_vs_Noisy,Marathi,Devanagari,Devanagari,Formal_vs_SMS,12,0.0019644499
CA02,Formal_vs_Noisy,Marathi,Latin,Latin,Formal_vs_SMS,2,0.042874992
CA02,Formal_vs_Noisy,Marathi,Latin,Latin,Formal_vs_SMS,6,0.04166603
CA02,Formal_vs_Noisy,Marathi,Latin,Latin,Formal_vs_SMS,12,0.0039168596
CA03,Native_vs_Romanized,Hindi,Devanagari,Latin,Formal,2,0.08550143
CA03,Native_vs_Romanized,Hindi,Devanagari,Latin,Formal,6,0.055924892
CA03,Native_vs_Romanized,Hindi,Devanagari,Latin,Formal,12,0.005759239
CA03,Native_vs_Romanized,Hindi,Devanagari,Latin,SMS/Noisy,2,0.078333735
CA03,Native_vs_Romanized,Hindi,Devanagari,Latin,SMS/Noisy,6,0.067899525
CA03,Native_vs_Romanized,Hindi,Devanagari,Latin,SMS/Noisy,12,0.007090628
CA03,Native_vs_Romanized,Marathi,Devanagari,Latin,Formal,2,0.07263994
CA03,Native_vs_Romanized,Marathi,Devanagari,Latin,Formal,6,0.068692625
CA03,Native_vs_Romanized,Marathi,Devanagari,Latin,Formal,12,0.007376194
CA03,Native_vs_Romanized,Marathi,Devanagari,Latin,SMS/Noisy,2,0.11024237
CA03,Native_vs_Romanized,Marathi,Devanagari,Latin,SMS/Noisy,6,0.089376986
CA03,Native_vs_Romanized,Marathi,Devanagari,Latin,SMS/Noisy,12,0.008315206
CA03,Formal_vs_Noisy,English,Latin,Latin,Formal_vs_SMS,2,0.020947933
CA03,Formal_vs_Noisy,English,Latin,Latin,Formal_vs_SMS,6,0.044029295
CA03,Formal_vs_Noisy,English,Latin,Latin,Formal_vs_SMS,12,0.0032310486
CA03,Formal_vs_Noisy,Hindi,Devanagari,Devanagari,Formal_vs_SMS,2,0.027620196
CA03,Formal_vs_Noisy,Hindi,Devanagari,Devanagari,Formal_vs_SMS,6,0.029827893
CA03,Formal_vs_Noisy,Hindi,Devanagari,Devanagari,Formal_vs_SMS,12,0.002046287
CA03,Formal_vs_Noisy,Hindi,Latin,Latin,Formal_vs_SMS,2,0.049188495
CA03,Formal_vs_Noisy,Hindi,Latin,Latin,Formal_vs_SMS,6,0.049945056
CA03,Formal_vs_Noisy,Hindi,Latin,Latin,Formal_vs_SMS,12,0.0027598143
CA03,Formal_vs_Noisy,Marathi,Devanagari,Devanagari,Formal_vs_SMS,2,0.04747957
CA03,Formal_vs_Noisy,Marathi,Devanagari,Devanagari,Formal_vs_SMS,6,0.042918682
CA03,Formal_vs_Noisy,Marathi,Devanagari,Devanagari,Formal_vs_SMS,12,0.0037065148
CA03,Formal_vs_Noisy,Marathi,Latin,Latin,Formal_vs_SMS,2,0.059003472
CA03,Formal_vs_Noisy,Marathi,Latin,Latin,Formal_vs_SMS,6,0.059892178
CA03,Formal_vs_Noisy,Marathi,Latin,Latin,Formal_vs_SMS,12,0.0051972866
CA04,Native_vs_Romanized,Hindi,Devanagari,Latin,Formal,2,0.11974043
CA04,Native_vs_Romanized,Hindi,Devanagari,Latin,Formal,6,0.08061671
CA04,Native_vs_Romanized,Hindi,Devanagari,Latin,Formal,12,0.009809494
CA04,Native_vs_Romanized,Hindi,Devanagari,Latin,SMS/Noisy,2,0.062337577
CA04,Native_vs_Romanized,Hindi,Devanagari,Latin,SMS/Noisy,6,0.040753067
CA04,Native_vs_Romanized,Hindi,Devanagari,Latin,SMS/Noisy,12,0.004803598
CA04,Native_vs_Romanized,Marathi,Devanagari,Latin,Formal,2,0.11090815
CA04,Native_vs_Romanized,Marathi,Devanagari,Latin,Formal,6,0.07605505
CA04,Native_vs_Romanized,Marathi,Devanagari,Latin,Formal,12,0.009535193
CA04,Native_vs_Romanized,Marathi,Devanagari,Latin,SMS/Noisy,2,0.11836088
CA04,Native_vs_Romanized,Marathi,Devanagari,Latin,SMS/Noisy,6,0.09964496
CA04,Native_vs_Romanized,Marathi,Devanagari,Latin,SMS/Noisy,12,0.009870052
CA04,Formal_vs_Noisy,English,Latin,Latin,Formal_vs_SMS,2,0.041496754
CA04,Formal_vs_Noisy,English,Latin,Latin,Formal_vs_SMS,6,0.044187546
CA04,Formal_vs_Noisy,English,Latin,Latin,Formal_vs_SMS,12,0.00473541
CA04,Formal_vs_Noisy,Hindi,Devanagari,Devanagari,Formal_vs_SMS,2,0.023579061
CA04,Formal_vs_Noisy,Hindi,Devanagari,Devanagari,Formal_vs_SMS,6,0.02181387
CA04,Formal_vs_Noisy,Hindi,Devanagari,Devanagari,Formal_vs_SMS,12,0.002143085
CA04,Formal_vs_Noisy,Hindi,Latin,Latin,Formal_vs_SMS,2,0.07273358
CA04,Formal_vs_Noisy,Hindi,Latin,Latin,Formal_vs_SMS,6,0.049785316
CA04,Formal_vs_Noisy,Hindi,Latin,Latin,Formal_vs_SMS,12,0.004015982
CA04,Formal_vs_Noisy,Marathi,Devanagari,Devanagari,Formal_vs_SMS,2,0.08559817
CA04,Formal_vs_Noisy,Marathi,Devanagari,Devanagari,Formal_vs_SMS,6,0.049640656
CA04,Formal_vs_Noisy,Marathi,Devanagari,Devanagari,Formal_vs_SMS,12,0.006098926
CA04,Formal_vs_Noisy,Marathi,Latin,Latin,Formal_vs_SMS,2,0.060231328
CA04,Formal_vs_Noisy,Marathi,Latin,Latin,Formal_vs_SMS,6,0.053207636
CA04,Formal_vs_Noisy,Marathi,Latin,Latin,Formal_vs_SMS,12,0.003437221
CA05,Native_vs_Romanized,Hindi,Devanagari,Latin,Formal,2,0.11375046
CA05,Native_vs_Romanized,Hindi,Devanagari,Latin,Formal,6,0.08828747
CA05,Native_vs_Romanized,Hindi,Devanagari,Latin,Formal,12,0.009067655
CA05,Native_vs_Romanized,Hindi,Devanagari,Latin,SMS/Noisy,2,0.0943529
CA05,Native_vs_Romanized,Hindi,Devanagari,Latin,SMS/Noisy,6,0.05515814
CA05,Native_vs_Romanized,Hindi,Devanagari,Latin,SMS/Noisy,12,0.004880309
CA05,Native_vs_Romanized,Marathi,Devanagari,Latin,Formal,2,0.10895854
CA05,Native_vs_Romanized,Marathi,Devanagari,Latin,Formal,6,0.085734904
CA05,Native_vs_Romanized,Marathi,Devanagari,Latin,Formal,12,0.008383393
CA05,Native_vs_Romanized,Marathi,Devanagari,Latin,SMS/Noisy,2,0.114424884
CA05,Native_vs_Romanized,Marathi,Devanagari,Latin,SMS/Noisy,6,0.094887376
CA05,Native_vs_Romanized,Marathi,Devanagari,Latin,SMS/Noisy,12,0.006144762
CA05,Formal_vs_Noisy,English,Latin,Latin,Formal_vs_SMS,2,0.056130707
CA05,Formal_vs_Noisy,English,Latin,Latin,Formal_vs_SMS,6,0.062755704
CA05,Formal_vs_Noisy,English,Latin,Latin,Formal_vs_SMS,12,0.0053872466
CA05,Formal_vs_Noisy,Hindi,Devanagari,Devanagari,Formal_vs_SMS,2,0.037931442
CA05,Formal_vs_Noisy,Hindi,Devanagari,Devanagari,Formal_vs_SMS,6,0.03793657
CA05,Formal_vs_Noisy,Hindi,Devanagari,Devanagari,Formal_vs_SMS,12,0.0031335354
CA05,Formal_vs_Noisy,Hindi,Latin,Latin,Formal_vs_SMS,2,0.06435609
CA05,Formal_vs_Noisy,Hindi,Latin,Latin,Formal_vs_SMS,6,0.06172079
CA05,Formal_vs_Noisy,Hindi,Latin,Latin,Formal_vs_SMS,12,0.005544305
CA05,Formal_vs_Noisy,Marathi,Devanagari,Devanagari,Formal_vs_SMS,2,0.059574425
CA05,Formal_vs_Noisy,Marathi,Devanagari,Devanagari,Formal_vs_SMS,6,0.06649619
CA05,Formal_vs_Noisy,Marathi,Devanagari,Devanagari,Formal_vs_SMS,12,0.0063787103
CA05,Formal_vs_Noisy,Marathi,Latin,Latin,Formal_vs_SMS,2,0.06525022
CA05,Formal_vs_Noisy,Marathi,Latin,Latin,Formal_vs_SMS,6,0.057941377
CA05,Formal_vs_Noisy,Marathi,Latin,Latin,Formal_vs_SMS,12,0.003493011
CA06,Native_vs_Romanized,Hindi,Devanagari,Latin,Formal,2,0.09288418
CA06,Native_vs_Romanized,Hindi,Devanagari,Latin,Formal,6,0.056920648
CA06,Native_vs_Romanized,Hindi,Devanagari,Latin,Formal,12,0.007709086
CA06,Native_vs_Romanized,Hindi,Devanagari,Latin,SMS/Noisy,2,0.1053195
CA06,Native_vs_Romanized,Hindi,Devanagari,Latin,SMS/Noisy,6,0.06509328
CA06,Native_vs_Romanized,Hindi,Devanagari,Latin,SMS/Noisy,12,0.0071296096
CA06,Native_vs_Romanized,Marathi,Devanagari,Latin,Formal,2,0.12038946
CA06,Native_vs_Romanized,Marathi,Devanagari,Latin,Formal,6,0.09527451
CA06,Native_vs_Romanized,Marathi,Devanagari,Latin,Formal,12,0.01195848
CA06,Native_vs_Romanized,Marathi,Devanagari,Latin,SMS/Noisy,2,0.10921162
CA06,Native_vs_Romanized,Marathi,Devanagari,Latin,SMS/Noisy,6,0.08484799
CA06,Native_vs_Romanized,Marathi,Devanagari,Latin,SMS/Noisy,12,0.007994354
CA06,Formal_vs_Noisy,English,Latin,Latin,Formal_vs_SMS,2,0.03561455
CA06,Formal_vs_Noisy,English,Latin,Latin,Formal_vs_SMS,6,0.046501815
CA06,Formal_vs_Noisy,English,Latin,Latin,Formal_vs_SMS,12,0.0030130148
CA06,Formal_vs_Noisy,Hindi,Devanagari,Devanagari,Formal_vs_SMS,2,0.024930239
CA06,Formal_vs_Noisy,Hindi,Devanagari,Devanagari,Formal_vs_SMS,6,0.021934569
CA06,Formal_vs_Noisy,Hindi,Devanagari,Devanagari,Formal_vs_SMS,12,0.002062738
CA06,Formal_vs_Noisy,Hindi,Latin,Latin,Formal_vs_SMS,2,0.0532099
CA06,Formal_vs_Noisy,Hindi,Latin,Latin,Formal_vs_SMS,6,0.036005437
CA06,Formal_vs_Noisy,Hindi,Latin,Latin,Formal_vs_SMS,12,0.0020483732
CA06,Formal_vs_Noisy,Marathi,Devanagari,Devanagari,Formal_vs_SMS,2,0.035906732
CA06,Formal_vs_Noisy,Marathi,Devanagari,Devanagari,Formal_vs_SMS,6,0.030929685
CA06,Formal_vs_Noisy,Marathi,Devanagari,Devanagari,Formal_vs_SMS,12,0.0024952888
CA06,Formal_vs_Noisy,Marathi,Latin,Latin,Formal_vs_SMS,2,0.043374658
CA06,Formal_vs_Noisy,Marathi,Latin,Latin,Formal_vs_SMS,6,0.03401637
CA06,Formal_vs_Noisy,Marathi,Latin,Latin,Formal_vs_SMS,12,0.0037540197
CA07,Native_vs_Romanized,Hindi,Devanagari,Latin,Formal,2,0.06697196
CA07,Native_vs_Romanized,Hindi,Devanagari,Latin,Formal,6,0.078855336
CA07,Native_vs_Romanized,Hindi,Devanagari,Latin,Formal,12,0.007204592
CA07,Native_vs_Romanized,Hindi,Devanagari,Latin,SMS/Noisy,2,0.08601165
CA07,Native_vs_Romanized,Hindi,Devanagari,Latin,SMS/Noisy,6,0.056833446
CA07,Native_vs_Romanized,Hindi,Devanagari,Latin,SMS/Noisy,12,0.0068924427
CA07,Native_vs_Romanized,Marathi,Devanagari,Latin,Formal,2,0.1316135
CA07,Native_vs_Romanized,Marathi,Devanagari,Latin,Formal,6,0.10600692
CA07,Native_vs_Romanized,Marathi,Devanagari,Latin,Formal,12,0.008210659
CA07,Native_vs_Romanized,Marathi,Devanagari,Latin,SMS/Noisy,2,0.10941225
CA07,Native_vs_Romanized,Marathi,Devanagari,Latin,SMS/Noisy,6,0.09597534
CA07,Native_vs_Romanized,Marathi,Devanagari,Latin,SMS/Noisy,12,0.010075629
CA07,Formal_vs_Noisy,English,Latin,Latin,Formal_vs_SMS,2,0.035406172
CA07,Formal_vs_Noisy,English,Latin,Latin,Formal_vs_SMS,6,0.04322344
CA07,Formal_vs_Noisy,English,Latin,Latin,Formal_vs_SMS,12,0.004100442
CA07,Formal_vs_Noisy,Hindi,Devanagari,Devanagari,Formal_vs_SMS,2,0.04068327
CA07,Formal_vs_Noisy,Hindi,Devanagari,Devanagari,Formal_vs_SMS,6,0.03695792
CA07,Formal_vs_Noisy,Hindi,Devanagari,Devanagari,Formal_vs_SMS,12,0.0022671223
CA07,Formal_vs_Noisy,Hindi,Latin,Latin,Formal_vs_SMS,2,0.068546414
CA07,Formal_vs_Noisy,Hindi,Latin,Latin,Formal_vs_SMS,6,0.06507343
CA07,Formal_vs_Noisy,Hindi,Latin,Latin,Formal_vs_SMS,12,0.0056605935
CA07,Formal_vs_Noisy,Marathi,Devanagari,Devanagari,Formal_vs_SMS,2,0.0501343
CA07,Formal_vs_Noisy,Marathi,Devanagari,Devanagari,Formal_vs_SMS,6,0.046942115
CA07,Formal_vs_Noisy,Marathi,Devanagari,Devanagari,Formal_vs_SMS,12,0.0034388304
CA07,Formal_vs_Noisy,Marathi,Latin,Latin,Formal_vs_SMS,2,0.06512892
CA07,Formal_vs_Noisy,Marathi,Latin,Latin,Formal_vs_SMS,6,0.06451601
CA07,Formal_vs_Noisy,Marathi,Latin,Latin,Formal_vs_SMS,12,0.0043323636
CA08,Native_vs_Romanized,Hindi,Devanagari,Latin,Formal,2,0.110411525
CA08,Native_vs_Romanized,Hindi,Devanagari,Latin,Formal,6,0.0854606
CA08,Native_vs_Romanized,Hindi,Devanagari,Latin,Formal,12,0.0095155835
CA08,Native_vs_Romanized,Hindi,Devanagari,Latin,SMS/Noisy,2,0.08478284
CA08,Native_vs_Romanized,Hindi,Devanagari,Latin,SMS/Noisy,6,0.050564706
CA08,Native_vs_Romanized,Hindi,Devanagari,Latin,SMS/Noisy,12,0.0062273145
CA08,Native_vs_Romanized,Marathi,Devanagari,Latin,Formal,2,0.11739689
CA08,Native_vs_Romanized,Marathi,Devanagari,Latin,Formal,6,0.100384414
CA08,Native_vs_Romanized,Marathi,Devanagari,Latin,Formal,12,0.007403612
CA08,Native_vs_Romanized,Marathi,Devanagari,Latin,SMS/Noisy,2,0.11016631
CA08,Native_vs_Romanized,Marathi,Devanagari,Latin,SMS/Noisy,6,0.08478838
CA08,Native_vs_Romanized,Marathi,Devanagari,Latin,SMS/Noisy,12,0.0094819665
CA08,Formal_vs_Noisy,English,Latin,Latin,Formal_vs_SMS,2,0.036501527
CA08,Formal_vs_Noisy,English,Latin,Latin,Formal_vs_SMS,6,0.07646787
CA08,Formal_vs_Noisy,English,Latin,Latin,Formal_vs_SMS,12,0.005188465
CA08,Formal_vs_Noisy,Hindi,Devanagari,Devanagari,Formal_vs_SMS,2,0.02916944
CA08,Formal_vs_Noisy,Hindi,Devanagari,Devanagari,Formal_vs_SMS,6,0.032196045
CA08,Formal_vs_Noisy,Hindi,Devanagari,Devanagari,Formal_vs_SMS,12,0.002467692
CA08,Formal_vs_Noisy,Hindi,Latin,Latin,Formal_vs_SMS,2,0.057009697
CA08,Formal_vs_Noisy,Hindi,Latin,Latin,Formal_vs_SMS,6,0.05503738
CA08,Formal_vs_Noisy,Hindi,Latin,Latin,Formal_vs_SMS,12,0.0044371486
CA08,Formal_vs_Noisy,Marathi,Devanagari,Devanagari,Formal_vs_SMS,2,0.032609463
CA08,Formal_vs_Noisy,Marathi,Devanagari,Devanagari,Formal_vs_SMS,6,0.02712059
CA08,Formal_vs_Noisy,Marathi,Devanagari,Devanagari,Formal_vs_SMS,12,0.0019500852
CA08,Formal_vs_Noisy,Marathi,Latin,Latin,Formal_vs_SMS,2,0.059823513
CA08,Formal_vs_Noisy,Marathi,Latin,Latin,Formal_vs_SMS,6,0.0452618
CA08,Formal_vs_Noisy,Marathi,Latin,Latin,Formal_vs_SMS,12,0.0048978925
CA09,Native_vs_Romanized,Hindi,Devanagari,Latin,Formal,2,0.09027171
CA09,Native_vs_Romanized,Hindi,Devanagari,Latin,Formal,6,0.06429225
CA09,Native_vs_Romanized,Hindi,Devanagari,Latin,Formal,12,0.007016003
CA09,Native_vs_Romanized,Hindi,Devanagari,Latin,SMS/Noisy,2,0.074026585
CA09,Native_vs_Romanized,Hindi,Devanagari,Latin,SMS/Noisy,6,0.051925004
CA09,Native_vs_Romanized,Hindi,Devanagari,Latin,SMS/Noisy,12,0.006252408
CA09,Native_vs_Romanized,Marathi,Devanagari,Latin,Formal,2,0.13270211
CA09,Native_vs_Romanized,Marathi,Devanagari,Latin,Formal,6,0.09348768
CA09,Native_vs_Romanized,Marathi,Devanagari,Latin,Formal,12,0.010526657
CA09,Native_vs_Romanized,Marathi,Devanagari,Latin,SMS/Noisy,2,0.10659689
CA09,Native_vs_Romanized,Marathi,Devanagari,Latin,SMS/Noisy,6,0.07074183
CA09,Native_vs_Romanized,Marathi,Devanagari,Latin,SMS/Noisy,12,0.008705139
CA09,Formal_vs_Noisy,English,Latin,Latin,Formal_vs_SMS,2,0.031971514
CA09,Formal_vs_Noisy,English,Latin,Latin,Formal_vs_SMS,6,0.044367433
CA09,Formal_vs_Noisy,English,Latin,Latin,Formal_vs_SMS,12,0.0038255453
CA09,Formal_vs_Noisy,Hindi,Devanagari,Devanagari,Formal_vs_SMS,2,0.028431892
CA09,Formal_vs_Noisy,Hindi,Devanagari,Devanagari,Formal_vs_SMS,6,0.029071212
CA09,Formal_vs_Noisy,Hindi,Devanagari,Devanagari,Formal_vs_SMS,12,0.0020327568
CA09,Formal_vs_Noisy,Hindi,Latin,Latin,Formal_vs_SMS,2,0.046343982
CA09,Formal_vs_Noisy,Hindi,Latin,Latin,Formal_vs_SMS,6,0.038850665
CA09,Formal_vs_Noisy,Hindi,Latin,Latin,Formal_vs_SMS,12,0.0026150346
CA09,Formal_vs_Noisy,Marathi,Devanagari,Devanagari,Formal_vs_SMS,2,0.058476925
CA09,Formal_vs_Noisy,Marathi,Devanagari,Devanagari,Formal_vs_SMS,6,0.052728653
CA09,Formal_vs_Noisy,Marathi,Devanagari,Devanagari,Formal_vs_SMS,12,0.005495608
CA09,Formal_vs_Noisy,Marathi,Latin,Latin,Formal_vs_SMS,2,0.057581782
CA09,Formal_vs_Noisy,Marathi,Latin,Latin,Formal_vs_SMS,6,0.042481363
CA09,Formal_vs_Noisy,Marathi,Latin,Latin,Formal_vs_SMS,12,0.003665924
CA10,Native_vs_Romanized,Hindi,Devanagari,Latin,Formal,2,0.07965726
CA10,Native_vs_Romanized,Hindi,Devanagari,Latin,Formal,6,0.052356005
CA10,Native_vs_Romanized,Hindi,Devanagari,Latin,Formal,12,0.004833162
CA10,Native_vs_Romanized,Hindi,Devanagari,Latin,SMS/Noisy,2,0.063808024
CA10,Native_vs_Romanized,Hindi,Devanagari,Latin,SMS/Noisy,6,0.083646655
CA10,Native_vs_Romanized,Hindi,Devanagari,Latin,SMS/Noisy,12,0.005910516
CA10,Native_vs_Romanized,Marathi,Devanagari,Latin,Formal,2,0.099153936
CA10,Native_vs_Romanized,Marathi,Devanagari,Latin,Formal,6,0.07789147
CA10,Native_vs_Romanized,Marathi,Devanagari,Latin,Formal,12,0.008952558
CA10,Native_vs_Romanized,Marathi,Devanagari,Latin,SMS/Noisy,2,0.09938437
CA10,Native_vs_Romanized,Marathi,Devanagari,Latin,SMS/Noisy,6,0.08934033
CA10,Native_vs_Romanized,Marathi,Devanagari,Latin,SMS/Noisy,12,0.008413553
CA10,Formal_vs_Noisy,English,Latin,Latin,Formal_vs_SMS,2,0.03222561
CA10,Formal_vs_Noisy,English,Latin,Latin,Formal_vs_SMS,6,0.038795352
CA10,Formal_vs_Noisy,English,Latin,Latin,Formal_vs_SMS,12,0.0035153031
CA10,Formal_vs_Noisy,Hindi,Devanagari,Devanagari,Formal_vs_SMS,2,0.025945127
CA10,Formal_vs_Noisy,Hindi,Devanagari,Devanagari,Formal_vs_SMS,6,0.041962147
CA10,Formal_vs_Noisy,Hindi,Devanagari,Devanagari,Formal_vs_SMS,12,0.0030784607
CA10,Formal_vs_Noisy,Hindi,Latin,Latin,Formal_vs_SMS,2,0.07226986
CA10,Formal_vs_Noisy,Hindi,Latin,Latin,Formal_vs_SMS,6,0.092481494
CA10,Formal_vs_Noisy,Hindi,Latin,Latin,Formal_vs_SMS,12,0.0072396994
CA10,Formal_vs_Noisy,Marathi,Devanagari,Devanagari,Formal_vs_SMS,2,0.059486568
CA10,Formal_vs_Noisy,Marathi,Devanagari,Devanagari,Formal_vs_SMS,6,0.053970695
CA10,Formal_vs_Noisy,Marathi,Devanagari,Devanagari,Formal_vs_SMS,12,0.004088223
CA10,Formal_vs_Noisy,Marathi,Latin,Latin,Formal_vs_SMS,2,0.080877006
CA10,Formal_vs_Noisy,Marathi,Latin,Latin,Formal_vs_SMS,6,0.06341785
CA10,Formal_vs_Noisy,Marathi,Latin,Latin,Formal_vs_SMS,12,0.0064017773
MC01,Native_vs_Romanized,Hindi,Devanagari,Latin,Formal,2,0.13448119
MC01,Native_vs_Romanized,Hindi,Devanagari,Latin,Formal,6,0.096467614
MC01,Native_vs_Romanized,Hindi,Devanagari,Latin,Formal,12,0.009358048
MC01,Native_vs_Romanized,Hindi,Devanagari,Latin,SMS/Noisy,2,0.08569455
MC01,Native_vs_Romanized,Hindi,Devanagari,Latin,SMS/Noisy,6,0.06814635
MC01,Native_vs_Romanized,Hindi,Devanagari,Latin,SMS/Noisy,12,0.008118808
MC01,Native_vs_Romanized,Marathi,Devanagari,Latin,Formal,2,0.108884096
MC01,Native_vs_Romanized,Marathi,Devanagari,Latin,Formal,6,0.07785559
MC01,Native_vs_Romanized,Marathi,Devanagari,Latin,Formal,12,0.008042455
MC01,Native_vs_Romanized,Marathi,Devanagari,Latin,SMS/Noisy,2,0.11149204
MC01,Native_vs_Romanized,Marathi,Devanagari,Latin,SMS/Noisy,6,0.09029496
MC01,Native_vs_Romanized,Marathi,Devanagari,Latin,SMS/Noisy,12,0.008138955
MC01,Formal_vs_Noisy,English,Latin,Latin,Formal_vs_SMS,2,0.09234464
MC01,Formal_vs_Noisy,English,Latin,Latin,Formal_vs_SMS,6,0.10779488
MC01,Formal_vs_Noisy,English,Latin,Latin,Formal_vs_SMS,12,0.00931859
MC01,Formal_vs_Noisy,Hindi,Devanagari,Devanagari,Formal_vs_SMS,2,0.028895259
MC01,Formal_vs_Noisy,Hindi,Devanagari,Devanagari,Formal_vs_SMS,6,0.024014354
MC01,Formal_vs_Noisy,Hindi,Devanagari,Devanagari,Formal_vs_SMS,12,0.0021786094
MC01,Formal_vs_Noisy,Hindi,Latin,Latin,Formal_vs_SMS,2,0.07565194
MC01,Formal_vs_Noisy,Hindi,Latin,Latin,Formal_vs_SMS,6,0.05579126
MC01,Formal_vs_Noisy,Hindi,Latin,Latin,Formal_vs_SMS,12,0.005751848
MC01,Formal_vs_Noisy,Marathi,Devanagari,Devanagari,Formal_vs_SMS,2,0.055179
MC01,Formal_vs_Noisy,Marathi,Devanagari,Devanagari,Formal_vs_SMS,6,0.039185405
MC01,Formal_vs_Noisy,Marathi,Devanagari,Devanagari,Formal_vs_SMS,12,0.005008757
MC01,Formal_vs_Noisy,Marathi,Latin,Latin,Formal_vs_SMS,2,0.07068485
MC01,Formal_vs_Noisy,Marathi,Latin,Latin,Formal_vs_SMS,6,0.04728067
MC01,Formal_vs_Noisy,Marathi,Latin,Latin,Formal_vs_SMS,12,0.0049499273
MC02,Native_vs_Romanized,Hindi,Devanagari,Latin,Formal,2,0.08917439
MC02,Native_vs_Romanized,Hindi,Devanagari,Latin,Formal,6,0.06763321
MC02,Native_vs_Romanized,Hindi,Devanagari,Latin,Formal,12,0.007981002
MC02,Native_vs_Romanized,Hindi,Devanagari,Latin,SMS/Noisy,2,0.07733035
MC02,Native_vs_Romanized,Hindi,Devanagari,Latin,SMS/Noisy,6,0.055680692
MC02,Native_vs_Romanized,Hindi,Devanagari,Latin,SMS/Noisy,12,0.007497251
MC02,Native_vs_Romanized,Marathi,Devanagari,Latin,Formal,2,0.12343907
MC02,Native_vs_Romanized,Marathi,Devanagari,Latin,Formal,6,0.09197152
MC02,Native_vs_Romanized,Marathi,Devanagari,Latin,Formal,12,0.010076582
MC02,Native_vs_Romanized,Marathi,Devanagari,Latin,SMS/Noisy,2,0.08998579
MC02,Native_vs_Romanized,Marathi,Devanagari,Latin,SMS/Noisy,6,0.06855583
MC02,Native_vs_Romanized,Marathi,Devanagari,Latin,SMS/Noisy,12,0.008832216
MC02,Formal_vs_Noisy,English,Latin,Latin,Formal_vs_SMS,2,0.068392456
MC02,Formal_vs_Noisy,English,Latin,Latin,Formal_vs_SMS,6,0.079116225
MC02,Formal_vs_Noisy,English,Latin,Latin,Formal_vs_SMS,12,0.0052455664
MC02,Formal_vs_Noisy,Hindi,Devanagari,Devanagari,Formal_vs_SMS,2,0.02882564
MC02,Formal_vs_Noisy,Hindi,Devanagari,Devanagari,Formal_vs_SMS,6,0.026640296
MC02,Formal_vs_Noisy,Hindi,Devanagari,Devanagari,Formal_vs_SMS,12,0.0019596815
MC02,Formal_vs_Noisy,Hindi,Latin,Latin,Formal_vs_SMS,2,0.045523405
MC02,Formal_vs_Noisy,Hindi,Latin,Latin,Formal_vs_SMS,6,0.049010694
MC02,Formal_vs_Noisy,Hindi,Latin,Latin,Formal_vs_SMS,12,0.0036835074
MC02,Formal_vs_Noisy,Marathi,Devanagari,Devanagari,Formal_vs_SMS,2,0.02637881
MC02,Formal_vs_Noisy,Marathi,Devanagari,Devanagari,Formal_vs_SMS,6,0.021075487
MC02,Formal_vs_Noisy,Marathi,Devanagari,Devanagari,Formal_vs_SMS,12,0.0017058849
MC02,Formal_vs_Noisy,Marathi,Latin,Latin,Formal_vs_SMS,2,0.0470199
MC02,Formal_vs_Noisy,Marathi,Latin,Latin,Formal_vs_SMS,6,0.049026668
MC02,Formal_vs_Noisy,Marathi,Latin,Latin,Formal_vs_SMS,12,0.0056658387
MC03,Native_vs_Romanized,Hindi,Devanagari,Latin,Formal,2,0.109689295
MC03,Native_vs_Romanized,Hindi,Devanagari,Latin,Formal,6,0.10189772
MC03,Native_vs_Romanized,Hindi,Devanagari,Latin,Formal,12,0.012449205
MC03,Native_vs_Romanized,Hindi,Devanagari,Latin,SMS/Noisy,2,0.09590477
MC03,Native_vs_Romanized,Hindi,Devanagari,Latin,SMS/Noisy,6,0.053239763
MC03,Native_vs_Romanized,Hindi,Devanagari,Latin,SMS/Noisy,12,0.004568577
MC03,Native_vs_Romanized,Marathi,Devanagari,Latin,Formal,2,0.116250336
MC03,Native_vs_Romanized,Marathi,Devanagari,Latin,Formal,6,0.096292794
MC03,Native_vs_Romanized,Marathi,Devanagari,Latin,Formal,12,0.009593785
MC03,Native_vs_Romanized,Marathi,Devanagari,Latin,SMS/Noisy,2,0.09233409
MC03,Native_vs_Romanized,Marathi,Devanagari,Latin,SMS/Noisy,6,0.050420165
MC03,Native_vs_Romanized,Marathi,Devanagari,Latin,SMS/Noisy,12,0.006173253
MC03,Formal_vs_Noisy,English,Latin,Latin,Formal_vs_SMS,2,0.037271976
MC03,Formal_vs_Noisy,English,Latin,Latin,Formal_vs_SMS,6,0.048146367
MC03,Formal_vs_Noisy,English,Latin,Latin,Formal_vs_SMS,12,0.003137052
MC03,Formal_vs_Noisy,Hindi,Devanagari,Devanagari,Formal_vs_SMS,2,0.045366526
MC03,Formal_vs_Noisy,Hindi,Devanagari,Devanagari,Formal_vs_SMS,6,0.0512892
MC03,Formal_vs_Noisy,Hindi,Devanagari,Devanagari,Formal_vs_SMS,12,0.007221937
MC03,Formal_vs_Noisy,Hindi,Latin,Latin,Formal_vs_SMS,2,0.09144372
MC03,Formal_vs_Noisy,Hindi,Latin,Latin,Formal_vs_SMS,6,0.07150239
MC03,Formal_vs_Noisy,Hindi,Latin,Latin,Formal_vs_SMS,12,0.0053066015
MC03,Formal_vs_Noisy,Marathi,Devanagari,Devanagari,Formal_vs_SMS,2,0.05601561
MC03,Formal_vs_Noisy,Marathi,Devanagari,Devanagari,Formal_vs_SMS,6,0.050810933
MC03,Formal_vs_Noisy,Marathi,Devanagari,Devanagari,Formal_vs_SMS,12,0.005367875
MC03,Formal_vs_Noisy,Marathi,Latin,Latin,Formal_vs_SMS,2,0.054242194
MC03,Formal_vs_Noisy,Marathi,Latin,Latin,Formal_vs_SMS,6,0.041974783
MC03,Formal_vs_Noisy,Marathi,Latin,Latin,Formal_vs_SMS,12,0.0038365126
MC04,Native_vs_Romanized,Hindi,Devanagari,Latin,Formal,2,0.08924377
MC04,Native_vs_Romanized,Hindi,Devanagari,Latin,Formal,6,0.06118083
MC04,Native_vs_Romanized,Hindi,Devanagari,Latin,Formal,12,0.007395506
MC04,Native_vs_Romanized,Hindi,Devanagari,Latin,SMS/Noisy,2,0.09149957
MC04,Native_vs_Romanized,Hindi,Devanagari,Latin,SMS/Noisy,6,0.04368043
MC04,Native_vs_Romanized,Hindi,Devanagari,Latin,SMS/Noisy,12,0.0072689652
MC04,Native_vs_Romanized,Marathi,Devanagari,Latin,Formal,2,0.09879124
MC04,Native_vs_Romanized,Marathi,Devanagari,Latin,Formal,6,0.064813554
MC04,Native_vs_Romanized,Marathi,Devanagari,Latin,Formal,12,0.0075133443
MC04,Native_vs_Romanized,Marathi,Devanagari,Latin,SMS/Noisy,2,0.11625695
MC04,Native_vs_Romanized,Marathi,Devanagari,Latin,SMS/Noisy,6,0.101220965
MC04,Native_vs_Romanized,Marathi,Devanagari,Latin,SMS/Noisy,12,0.013845265
MC04,Formal_vs_Noisy,English,Latin,Latin,Formal_vs_SMS,2,0.036762416
MC04,Formal_vs_Noisy,English,Latin,Latin,Formal_vs_SMS,6,0.049188375
MC04,Formal_vs_Noisy,English,Latin,Latin,Formal_vs_SMS,12,0.003897071
MC04,Formal_vs_Noisy,Hindi,Devanagari,Devanagari,Formal_vs_SMS,2,0.020087123
MC04,Formal_vs_Noisy,Hindi,Devanagari,Devanagari,Formal_vs_SMS,6,0.02462262
MC04,Formal_vs_Noisy,Hindi,Devanagari,Devanagari,Formal_vs_SMS,12,0.0020541549
MC04,Formal_vs_Noisy,Hindi,Latin,Latin,Formal_vs_SMS,2,0.05058825
MC04,Formal_vs_Noisy,Hindi,Latin,Latin,Formal_vs_SMS,6,0.03989029
MC04,Formal_vs_Noisy,Hindi,Latin,Latin,Formal_vs_SMS,12,0.0031241179
MC04,Formal_vs_Noisy,Marathi,Devanagari,Devanagari,Formal_vs_SMS,2,0.031248927
MC04,Formal_vs_Noisy,Marathi,Devanagari,Devanagari,Formal_vs_SMS,6,0.027074158
MC04,Formal_vs_Noisy,Marathi,Devanagari,Devanagari,Formal_vs_SMS,12,0.0029480457
MC04,Formal_vs_Noisy,Marathi,Latin,Latin,Formal_vs_SMS,2,0.050094843
MC04,Formal_vs_Noisy,Marathi,Latin,Latin,Formal_vs_SMS,6,0.055007756
MC04,Formal_vs_Noisy,Marathi,Latin,Latin,Formal_vs_SMS,12,0.004704416
MC05,Native_vs_Romanized,Hindi,Devanagari,Latin,Formal,2,0.097684205
MC05,Native_vs_Romanized,Hindi,Devanagari,Latin,Formal,6,0.07248318
MC05,Native_vs_Romanized,Hindi,Devanagari,Latin,Formal,12,0.0074092746
MC05,Native_vs_Romanized,Hindi,Devanagari,Latin,SMS/Noisy,2,0.07604277
MC05,Native_vs_Romanized,Hindi,Devanagari,Latin,SMS/Noisy,6,0.07124627
MC05,Native_vs_Romanized,Hindi,Devanagari,Latin,SMS/Noisy,12,0.007234156
MC05,Native_vs_Romanized,Marathi,Devanagari,Latin,Formal,2,0.10893875
MC05,Native_vs_Romanized,Marathi,Devanagari,Latin,Formal,6,0.075562
MC05,Native_vs_Romanized,Marathi,Devanagari,Latin,Formal,12,0.007918119
MC05,Native_vs_Romanized,Marathi,Devanagari,Latin,SMS/Noisy,2,0.07051194
MC05,Native_vs_Romanized,Marathi,Devanagari,Latin,SMS/Noisy,6,0.082012534
MC05,Native_vs_Romanized,Marathi,Devanagari,Latin,SMS/Noisy,12,0.007133782
MC05,Formal_vs_Noisy,English,Latin,Latin,Formal_vs_SMS,2,0.07355839
MC05,Formal_vs_Noisy,English,Latin,Latin,Formal_vs_SMS,6,0.079447865
MC05,Formal_vs_Noisy,English,Latin,Latin,Formal_vs_SMS,12,0.005482435
MC05,Formal_vs_Noisy,Hindi,Devanagari,Devanagari,Formal_vs_SMS,2,0.05438292
MC05,Formal_vs_Noisy,Hindi,Devanagari,Devanagari,Formal_vs_SMS,6,0.044467926
MC05,Formal_vs_Noisy,Hindi,Devanagari,Devanagari,Formal_vs_SMS,12,0.0055881143
MC05,Formal_vs_Noisy,Hindi,Latin,Latin,Formal_vs_SMS,2,0.081814945
MC05,Formal_vs_Noisy,Hindi,Latin,Latin,Formal_vs_SMS,6,0.06674659
MC05,Formal_vs_Noisy,Hindi,Latin,Latin,Formal_vs_SMS,12,0.0051388144
MC05,Formal_vs_Noisy,Marathi,Devanagari,Devanagari,Formal_vs_SMS,2,0.027575314
MC05,Formal_vs_Noisy,Marathi,Devanagari,Devanagari,Formal_vs_SMS,6,0.03313458
MC05,Formal_vs_Noisy,Marathi,Devanagari,Devanagari,Formal_vs_SMS,12,0.003942013
MC05,Formal_vs_Noisy,Marathi,Latin,Latin,Formal_vs_SMS,2,0.06434947
MC05,Formal_vs_Noisy,Marathi,Latin,Latin,Formal_vs_SMS,6,0.049458504
MC05,Formal_vs_Noisy,Marathi,Latin,Latin,Formal_vs_SMS,12,0.0043745637
MC06,Native_vs_Romanized,Hindi,Devanagari,Latin,Formal,2,0.113047004
MC06,Native_vs_Romanized,Hindi,Devanagari,Latin,Formal,6,0.058560193
MC06,Native_vs_Romanized,Hindi,Devanagari,Latin,Formal,12,0.00642848
MC06,Native_vs_Romanized,Hindi,Devanagari,Latin,SMS/Noisy,2,0.100437164
MC06,Native_vs_Romanized,Hindi,Devanagari,Latin,SMS/Noisy,6,0.06933826
MC06,Native_vs_Romanized,Hindi,Devanagari,Latin,SMS/Noisy,12,0.0052120686
MC06,Native_vs_Romanized,Marathi,Devanagari,Latin,Formal,2,0.097938955
MC06,Native_vs_Romanized,Marathi,Devanagari,Latin,Formal,6,0.06138718
MC06,Native_vs_Romanized,Marathi,Devanagari,Latin,Formal,12,0.005549431
MC06,Native_vs_Romanized,Marathi,Devanagari,Latin,SMS/Noisy,2,0.065015435
MC06,Native_vs_Romanized,Marathi,Devanagari,Latin,SMS/Noisy,6,0.06707162
MC06,Native_vs_Romanized,Marathi,Devanagari,Latin,SMS/Noisy,12,0.0061036944
MC06,Formal_vs_Noisy,English,Latin,Latin,Formal_vs_SMS,2,0.02449286
MC06,Formal_vs_Noisy,English,Latin,Latin,Formal_vs_SMS,6,0.028042495
MC06,Formal_vs_Noisy,English,Latin,Latin,Formal_vs_SMS,12,0.0025433898
MC06,Formal_vs_Noisy,Hindi,Devanagari,Devanagari,Formal_vs_SMS,2,0.038499475
MC06,Formal_vs_Noisy,Hindi,Devanagari,Devanagari,Formal_vs_SMS,6,0.032958448
MC06,Formal_vs_Noisy,Hindi,Devanagari,Devanagari,Formal_vs_SMS,12,0.0027190447
MC06,Formal_vs_Noisy,Hindi,Latin,Latin,Formal_vs_SMS,2,0.057756662
MC06,Formal_vs_Noisy,Hindi,Latin,Latin,Formal_vs_SMS,6,0.045076728
MC06,Formal_vs_Noisy,Hindi,Latin,Latin,Formal_vs_SMS,12,0.0025229454
MC06,Formal_vs_Noisy,Marathi,Devanagari,Devanagari,Formal_vs_SMS,2,0.019426286
MC06,Formal_vs_Noisy,Marathi,Devanagari,Devanagari,Formal_vs_SMS,6,0.023525655
MC06,Formal_vs_Noisy,Marathi,Devanagari,Devanagari,Formal_vs_SMS,12,0.002815485
MC06,Formal_vs_Noisy,Marathi,Latin,Latin,Formal_vs_SMS,2,0.06421977
MC06,Formal_vs_Noisy,Marathi,Latin,Latin,Formal_vs_SMS,6,0.054722846
MC06,Formal_vs_Noisy,Marathi,Latin,Latin,Formal_vs_SMS,12,0.0040950775
MC07,Native_vs_Romanized,Hindi,Devanagari,Latin,Formal,2,0.09747183
MC07,Native_vs_Romanized,Hindi,Devanagari,Latin,Formal,6,0.06999755
MC07,Native_vs_Romanized,Hindi,Devanagari,Latin,Formal,12,0.009143233
MC07,Native_vs_Romanized,Hindi,Devanagari,Latin,SMS/Noisy,2,0.12265289
MC07,Native_vs_Romanized,Hindi,Devanagari,Latin,SMS/Noisy,6,0.097874045
MC07,Native_vs_Romanized,Hindi,Devanagari,Latin,SMS/Noisy,12,0.008544385
MC07,Native_vs_Romanized,Marathi,Devanagari,Latin,Formal,2,0.10375643
MC07,Native_vs_Romanized,Marathi,Devanagari,Latin,Formal,6,0.080736995
MC07,Native_vs_Romanized,Marathi,Devanagari,Latin,Formal,12,0.008316219
MC07,Native_vs_Romanized,Marathi,Devanagari,Latin,SMS/Noisy,2,0.11209452
MC07,Native_vs_Romanized,Marathi,Devanagari,Latin,SMS/Noisy,6,0.0903334
MC07,Native_vs_Romanized,Marathi,Devanagari,Latin,SMS/Noisy,12,0.009612858
MC07,Formal_vs_Noisy,English,Latin,Latin,Formal_vs_SMS,2,0.028608799
MC07,Formal_vs_Noisy,English,Latin,Latin,Formal_vs_SMS,6,0.04009819
MC07,Formal_vs_Noisy,English,Latin,Latin,Formal_vs_SMS,12,0.0029656887
MC07,Formal_vs_Noisy,Hindi,Devanagari,Devanagari,Formal_vs_SMS,2,0.033225417
MC07,Formal_vs_Noisy,Hindi,Devanagari,Devanagari,Formal_vs_SMS,6,0.036889732
MC07,Formal_vs_Noisy,Hindi,Devanagari,Devanagari,Formal_vs_SMS,12,0.004670799
MC07,Formal_vs_Noisy,Hindi,Latin,Latin,Formal_vs_SMS,2,0.081033945
MC07,Formal_vs_Noisy,Hindi,Latin,Latin,Formal_vs_SMS,6,0.071622014
MC07,Formal_vs_Noisy,Hindi,Latin,Latin,Formal_vs_SMS,12,0.00445503
MC07,Formal_vs_Noisy,Marathi,Devanagari,Devanagari,Formal_vs_SMS,2,0.03947872
MC07,Formal_vs_Noisy,Marathi,Devanagari,Devanagari,Formal_vs_SMS,6,0.035187006
MC07,Formal_vs_Noisy,Marathi,Devanagari,Devanagari,Formal_vs_SMS,12,0.0031080842
MC07,Formal_vs_Noisy,Marathi,Latin,Latin,Formal_vs_SMS,2,0.067781925
MC07,Formal_vs_Noisy,Marathi,Latin,Latin,Formal_vs_SMS,6,0.071280956
MC07,Formal_vs_Noisy,Marathi,Latin,Latin,Formal_vs_SMS,12,0.0073984265
MC08,Native_vs_Romanized,Hindi,Devanagari,Latin,Formal,2,0.07969344
MC08,Native_vs_Romanized,Hindi,Devanagari,Latin,Formal,6,0.060468316
MC08,Native_vs_Romanized,Hindi,Devanagari,Latin,Formal,12,0.0077371597
MC08,Native_vs_Romanized,Hindi,Devanagari,Latin,SMS/Noisy,2,0.082434416
MC08,Native_vs_Romanized,Hindi,Devanagari,Latin,SMS/Noisy,6,0.057694077
MC08,Native_vs_Romanized,Hindi,Devanagari,Latin,SMS/Noisy,12,0.005366862
MC08,Native_vs_Romanized,Marathi,Devanagari,Latin,Formal,2,0.11313295
MC08,Native_vs_Romanized,Marathi,Devanagari,Latin,Formal,6,0.085353374
MC08,Native_vs_Romanized,Marathi,Devanagari,Latin,Formal,12,0.010615051
MC08,Native_vs_Romanized,Marathi,Devanagari,Latin,SMS/Noisy,2,0.14362639
MC08,Native_vs_Romanized,Marathi,Devanagari,Latin,SMS/Noisy,6,0.10836506
MC08,Native_vs_Romanized,Marathi,Devanagari,Latin,SMS/Noisy,12,0.008994937
MC08,Formal_vs_Noisy,English,Latin,Latin,Formal_vs_SMS,2,0.04333949
MC08,Formal_vs_Noisy,English,Latin,Latin,Formal_vs_SMS,6,0.07639873
MC08,Formal_vs_Noisy,English,Latin,Latin,Formal_vs_SMS,12,0.0065174103
MC08,Formal_vs_Noisy,Hindi,Devanagari,Devanagari,Formal_vs_SMS,2,0.035599113
MC08,Formal_vs_Noisy,Hindi,Devanagari,Devanagari,Formal_vs_SMS,6,0.032017946
MC08,Formal_vs_Noisy,Hindi,Devanagari,Devanagari,Formal_vs_SMS,12,0.0029412508
MC08,Formal_vs_Noisy,Hindi,Latin,Latin,Formal_vs_SMS,2,0.074649096
MC08,Formal_vs_Noisy,Hindi,Latin,Latin,Formal_vs_SMS,6,0.06214702
MC08,Formal_vs_Noisy,Hindi,Latin,Latin,Formal_vs_SMS,12,0.005581677
MC08,Formal_vs_Noisy,Marathi,Devanagari,Devanagari,Formal_vs_SMS,2,0.060904384
MC08,Formal_vs_Noisy,Marathi,Devanagari,Devanagari,Formal_vs_SMS,6,0.07437682
MC08,Formal_vs_Noisy,Marathi,Devanagari,Devanagari,Formal_vs_SMS,12,0.0098297
MC08,Formal_vs_Noisy,Marathi,Latin,Latin,Formal_vs_SMS,2,0.05980748
MC08,Formal_vs_Noisy,Marathi,Latin,Latin,Formal_vs_SMS,6,0.05127901
MC08,Formal_vs_Noisy,Marathi,Latin,Latin,Formal_vs_SMS,12,0.0032304525
MC09,Native_vs_Romanized,Hindi,Devanagari,Latin,Formal,2,0.11491251
MC09,Native_vs_Romanized,Hindi,Devanagari,Latin,Formal,6,0.06928474
MC09,Native_vs_Romanized,Hindi,Devanagari,Latin,Formal,12,0.009941399
MC09,Native_vs_Romanized,Hindi,Devanagari,Latin,SMS/Noisy,2,0.08634472
MC09,Native_vs_Romanized,Hindi,Devanagari,Latin,SMS/Noisy,6,0.0582785
MC09,Native_vs_Romanized,Hindi,Devanagari,Latin,SMS/Noisy,12,0.0077574253
MC09,Native_vs_Romanized,Marathi,Devanagari,Latin,Formal,2,0.10864705
MC09,Native_vs_Romanized,Marathi,Devanagari,Latin,Formal,6,0.07669008
MC09,Native_vs_Romanized,Marathi,Devanagari,Latin,Formal,12,0.009680986
MC09,Native_vs_Romanized,Marathi,Devanagari,Latin,SMS/Noisy,2,0.12694407
MC09,Native_vs_Romanized,Marathi,Devanagari,Latin,SMS/Noisy,6,0.07987094
MC09,Native_vs_Romanized,Marathi,Devanagari,Latin,SMS/Noisy,12,0.009314597
MC09,Formal_vs_Noisy,English,Latin,Latin,Formal_vs_SMS,2,0.06090015
MC09,Formal_vs_Noisy,English,Latin,Latin,Formal_vs_SMS,6,0.06743449
MC09,Formal_vs_Noisy,English,Latin,Latin,Formal_vs_SMS,12,0.007935762
MC09,Formal_vs_Noisy,Hindi,Devanagari,Devanagari,Formal_vs_SMS,2,0.04395652
MC09,Formal_vs_Noisy,Hindi,Devanagari,Devanagari,Formal_vs_SMS,6,0.029857099
MC09,Formal_vs_Noisy,Hindi,Devanagari,Devanagari,Formal_vs_SMS,12,0.0025259852
MC09,Formal_vs_Noisy,Hindi,Latin,Latin,Formal_vs_SMS,2,0.045113325
MC09,Formal_vs_Noisy,Hindi,Latin,Latin,Formal_vs_SMS,6,0.03365463
MC09,Formal_vs_Noisy,Hindi,Latin,Latin,Formal_vs_SMS,12,0.002788484
MC09,Formal_vs_Noisy,Marathi,Devanagari,Devanagari,Formal_vs_SMS,2,0.035193622
MC09,Formal_vs_Noisy,Marathi,Devanagari,Devanagari,Formal_vs_SMS,6,0.031971812
MC09,Formal_vs_Noisy,Marathi,Devanagari,Devanagari,Formal_vs_SMS,12,0.0031401515
MC09,Formal_vs_Noisy,Marathi,Latin,Latin,Formal_vs_SMS,2,0.05450058
MC09,Formal_vs_Noisy,Marathi,Latin,Latin,Formal_vs_SMS,6,0.042454123
MC09,Formal_vs_Noisy,Marathi,Latin,Latin,Formal_vs_SMS,12,0.004110396
MC10,Native_vs_Romanized,Hindi,Devanagari,Latin,Formal,2,0.09361923
MC10,Native_vs_Romanized,Hindi,Devanagari,Latin,Formal,6,0.06260508
MC10,Native_vs_Romanized,Hindi,Devanagari,Latin,Formal,12,0.00967598
MC10,Native_vs_Romanized,Hindi,Devanagari,Latin,SMS/Noisy,2,0.12950432
MC10,Native_vs_Romanized,Hindi,Devanagari,Latin,SMS/Noisy,6,0.07941294
MC10,Native_vs_Romanized,Hindi,Devanagari,Latin,SMS/Noisy,12,0.0108165145
MC10,Native_vs_Romanized,Marathi,Devanagari,Latin,Formal,2,0.12576848
MC10,Native_vs_Romanized,Marathi,Devanagari,Latin,Formal,6,0.08537853
MC10,Native_vs_Romanized,Marathi,Devanagari,Latin,Formal,12,0.0099977255
MC10,Native_vs_Romanized,Marathi,Devanagari,Latin,SMS/Noisy,2,0.10242975
MC10,Native_vs_Romanized,Marathi,Devanagari,Latin,SMS/Noisy,6,0.0662508
MC10,Native_vs_Romanized,Marathi,Devanagari,Latin,SMS/Noisy,12,0.0069618225
MC10,Formal_vs_Noisy,English,Latin,Latin,Formal_vs_SMS,2,0.024594545
MC10,Formal_vs_Noisy,English,Latin,Latin,Formal_vs_SMS,6,0.038024902
MC10,Formal_vs_Noisy,English,Latin,Latin,Formal_vs_SMS,12,0.0025861263
MC10,Formal_vs_Noisy,Hindi,Devanagari,Devanagari,Formal_vs_SMS,2,0.04293096
MC10,Formal_vs_Noisy,Hindi,Devanagari,Devanagari,Formal_vs_SMS,6,0.051247537
MC10,Formal_vs_Noisy,Hindi,Devanagari,Devanagari,Formal_vs_SMS,12,0.0059365034
MC10,Formal_vs_Noisy,Hindi,Latin,Latin,Formal_vs_SMS,2,0.0742448
MC10,Formal_vs_Noisy,Hindi,Latin,Latin,Formal_vs_SMS,6,0.056712806
MC10,Formal_vs_Noisy,Hindi,Latin,Latin,Formal_vs_SMS,12,0.005277276
MC10,Formal_vs_Noisy,Marathi,Devanagari,Devanagari,Formal_vs_SMS,2,0.063931465
MC10,Formal_vs_Noisy,Marathi,Devanagari,Devanagari,Formal_vs_SMS,6,0.057822704
MC10,Formal_vs_Noisy,Marathi,Devanagari,Devanagari,Formal_vs_SMS,12,0.0057079196
MC10,Formal_vs_Noisy,Marathi,Latin,Latin,Formal_vs_SMS,2,0.08202845
MC10,Formal_vs_Noisy,Marathi,Latin,Latin,Formal_vs_SMS,6,0.059047163
MC10,Formal_vs_Noisy,Marathi,Latin,Latin,Formal_vs_SMS,12,0.0062562823
OG01,Native_vs_Romanized,Hindi,Devanagari,Latin,Formal,2,0.092132986
OG01,Native_vs_Romanized,Hindi,Devanagari,Latin,Formal,6,0.0789147
OG01,Native_vs_Romanized,Hindi,Devanagari,Latin,Formal,12,0.008847356
OG01,Native_vs_Romanized,Hindi,Devanagari,Latin,SMS/Noisy,2,0.07112962
OG01,Native_vs_Romanized,Hindi,Devanagari,Latin,SMS/Noisy,6,0.06729698
OG01,Native_vs_Romanized,Hindi,Devanagari,Latin,SMS/Noisy,12,0.00675416
OG01,Native_vs_Romanized,Marathi,Devanagari,Latin,Formal,2,0.09425849
OG01,Native_vs_Romanized,Marathi,Devanagari,Latin,Formal,6,0.08069253
OG01,Native_vs_Romanized,Marathi,Devanagari,Latin,Formal,12,0.0059198737
OG01,Native_vs_Romanized,Marathi,Devanagari,Latin,SMS/Noisy,2,0.06343728
OG01,Native_vs_Romanized,Marathi,Devanagari,Latin,SMS/Noisy,6,0.08149105
OG01,Native_vs_Romanized,Marathi,Devanagari,Latin,SMS/Noisy,12,0.0064302683
OG01,Formal_vs_Noisy,English,Latin,Latin,Formal_vs_SMS,2,0.044937313
OG01,Formal_vs_Noisy,English,Latin,Latin,Formal_vs_SMS,6,0.07696009
OG01,Formal_vs_Noisy,English,Latin,Latin,Formal_vs_SMS,12,0.0065461993
OG01,Formal_vs_Noisy,Hindi,Devanagari,Devanagari,Formal_vs_SMS,2,0.02257812
OG01,Formal_vs_Noisy,Hindi,Devanagari,Devanagari,Formal_vs_SMS,6,0.029602587
OG01,Formal_vs_Noisy,Hindi,Devanagari,Devanagari,Formal_vs_SMS,12,0.0030543208
OG01,Formal_vs_Noisy,Hindi,Latin,Latin,Formal_vs_SMS,2,0.04635769
OG01,Formal_vs_Noisy,Hindi,Latin,Latin,Formal_vs_SMS,6,0.043120444
OG01,Formal_vs_Noisy,Hindi,Latin,Latin,Formal_vs_SMS,12,0.0031396747
OG01,Formal_vs_Noisy,Marathi,Devanagari,Devanagari,Formal_vs_SMS,2,0.032050848
OG01,Formal_vs_Noisy,Marathi,Devanagari,Devanagari,Formal_vs_SMS,6,0.033189416
OG01,Formal_vs_Noisy,Marathi,Devanagari,Devanagari,Formal_vs_SMS,12,0.0031898022
OG01,Formal_vs_Noisy,Marathi,Latin,Latin,Formal_vs_SMS,2,0.063806236
OG01,Formal_vs_Noisy,Marathi,Latin,Latin,Formal_vs_SMS,6,0.06511277
OG01,Formal_vs_Noisy,Marathi,Latin,Latin,Formal_vs_SMS,12,0.0036500096
OG02,Native_vs_Romanized,Hindi,Devanagari,Latin,Formal,2,0.10374826
OG02,Native_vs_Romanized,Hindi,Devanagari,Latin,Formal,6,0.07313621
OG02,Native_vs_Romanized,Hindi,Devanagari,Latin,Formal,12,0.007489383
OG02,Native_vs_Romanized,Hindi,Devanagari,Latin,SMS/Noisy,2,0.15518594
OG02,Native_vs_Romanized,Hindi,Devanagari,Latin,SMS/Noisy,6,0.0848313
OG02,Native_vs_Romanized,Hindi,Devanagari,Latin,SMS/Noisy,12,0.008721054
OG02,Native_vs_Romanized,Marathi,Devanagari,Latin,Formal,2,0.15465665
OG02,Native_vs_Romanized,Marathi,Devanagari,Latin,Formal,6,0.12532532
OG02,Native_vs_Romanized,Marathi,Devanagari,Latin,Formal,12,0.011971474
OG02,Native_vs_Romanized,Marathi,Devanagari,Latin,SMS/Noisy,2,0.18610168
OG02,Native_vs_Romanized,Marathi,Devanagari,Latin,SMS/Noisy,6,0.13927364
OG02,Native_vs_Romanized,Marathi,Devanagari,Latin,SMS/Noisy,12,0.010916829
OG02,Formal_vs_Noisy,English,Latin,Latin,Formal_vs_SMS,2,0.048056126
OG02,Formal_vs_Noisy,English,Latin,Latin,Formal_vs_SMS,6,0.05656284
OG02,Formal_vs_Noisy,English,Latin,Latin,Formal_vs_SMS,12,0.0053581
OG02,Formal_vs_Noisy,Hindi,Devanagari,Devanagari,Formal_vs_SMS,2,0.09164804
OG02,Formal_vs_Noisy,Hindi,Devanagari,Devanagari,Formal_vs_SMS,6,0.074132085
OG02,Formal_vs_Noisy,Hindi,Devanagari,Devanagari,Formal_vs_SMS,12,0.010308027
OG02,Formal_vs_Noisy,Hindi,Latin,Latin,Formal_vs_SMS,2,0.09750372
OG02,Formal_vs_Noisy,Hindi,Latin,Latin,Formal_vs_SMS,6,0.06598598
OG02,Formal_vs_Noisy,Hindi,Latin,Latin,Formal_vs_SMS,12,0.005024135
OG02,Formal_vs_Noisy,Marathi,Devanagari,Devanagari,Formal_vs_SMS,2,0.058496833
OG02,Formal_vs_Noisy,Marathi,Devanagari,Devanagari,Formal_vs_SMS,6,0.059931993
OG02,Formal_vs_Noisy,Marathi,Devanagari,Devanagari,Formal_vs_SMS,12,0.0039616227
OG02,Formal_vs_Noisy,Marathi,Latin,Latin,Formal_vs_SMS,2,0.05899352
OG02,Formal_vs_Noisy,Marathi,Latin,Latin,Formal_vs_SMS,6,0.043085575
OG02,Formal_vs_Noisy,Marathi,Latin,Latin,Formal_vs_SMS,12,0.0033082962
OG03,Native_vs_Romanized,Hindi,Devanagari,Latin,Formal,2,0.11171073
OG03,Native_vs_Romanized,Hindi,Devanagari,Latin,Formal,6,0.10506916
OG03,Native_vs_Romanized,Hindi,Devanagari,Latin,Formal,12,0.0106579065
OG03,Native_vs_Romanized,Hindi,Devanagari,Latin,SMS/Noisy,2,0.07457292
OG03,Native_vs_Romanized,Hindi,Devanagari,Latin,SMS/Noisy,6,0.096203566
OG03,Native_vs_Romanized,Hindi,Devanagari,Latin,SMS/Noisy,12,0.007408619
OG03,Native_vs_Romanized,Marathi,Devanagari,Latin,Formal,2,0.0967834
OG03,Native_vs_Romanized,Marathi,Devanagari,Latin,Formal,6,0.076862454
OG03,Native_vs_Romanized,Marathi,Devanagari,Latin,Formal,12,0.007861853
OG03,Native_vs_Romanized,Marathi,Devanagari,Latin,SMS/Noisy,2,0.056878746
OG03,Native_vs_Romanized,Marathi,Devanagari,Latin,SMS/Noisy,6,0.05231148
OG03,Native_vs_Romanized,Marathi,Devanagari,Latin,SMS/Noisy,12,0.003832996
OG03,Formal_vs_Noisy,English,Latin,Latin,Formal_vs_SMS,2,0.035019517
OG03,Formal_vs_Noisy,English,Latin,Latin,Formal_vs_SMS,6,0.04600501
OG03,Formal_vs_Noisy,English,Latin,Latin,Formal_vs_SMS,12,0.0068125725
OG03,Formal_vs_Noisy,Hindi,Devanagari,Devanagari,Formal_vs_SMS,2,0.043174982
OG03,Formal_vs_Noisy,Hindi,Devanagari,Devanagari,Formal_vs_SMS,6,0.046482205
OG03,Formal_vs_Noisy,Hindi,Devanagari,Devanagari,Formal_vs_SMS,12,0.0069580674
OG03,Formal_vs_Noisy,Hindi,Latin,Latin,Formal_vs_SMS,2,0.0857988
OG03,Formal_vs_Noisy,Hindi,Latin,Latin,Formal_vs_SMS,6,0.078940034
OG03,Formal_vs_Noisy,Hindi,Latin,Latin,Formal_vs_SMS,12,0.0043848753
OG03,Formal_vs_Noisy,Marathi,Devanagari,Devanagari,Formal_vs_SMS,2,0.039653063
OG03,Formal_vs_Noisy,Marathi,Devanagari,Devanagari,Formal_vs_SMS,6,0.034154296
OG03,Formal_vs_Noisy,Marathi,Devanagari,Devanagari,Formal_vs_SMS,12,0.0030215979
OG03,Formal_vs_Noisy,Marathi,Latin,Latin,Formal_vs_SMS,2,0.086604774
OG03,Formal_vs_Noisy,Marathi,Latin,Latin,Formal_vs_SMS,6,0.07817972
OG03,Formal_vs_Noisy,Marathi,Latin,Latin,Formal_vs_SMS,12,0.005778134
OG04,Native_vs_Romanized,Hindi,Devanagari,Latin,Formal,2,0.10543859
OG04,Native_vs_Romanized,Hindi,Devanagari,Latin,Formal,6,0.09378046
OG04,Native_vs_Romanized,Hindi,Devanagari,Latin,Formal,12,0.010610044
OG04,Native_vs_Romanized,Hindi,Devanagari,Latin,SMS/Noisy,2,0.061780572
OG04,Native_vs_Romanized,Hindi,Devanagari,Latin,SMS/Noisy,6,0.041331887
OG04,Native_vs_Romanized,Hindi,Devanagari,Latin,SMS/Noisy,12,0.0047160387
OG04,Native_vs_Romanized,Marathi,Devanagari,Latin,Formal,2,0.116755545
OG04,Native_vs_Romanized,Marathi,Devanagari,Latin,Formal,6,0.08617008
OG04,Native_vs_Romanized,Marathi,Devanagari,Latin,Formal,12,0.007555902
OG04,Native_vs_Romanized,Marathi,Devanagari,Latin,SMS/Noisy,2,0.081869304
OG04,Native_vs_Romanized,Marathi,Devanagari,Latin,SMS/Noisy,6,0.08393395
OG04,Native_vs_Romanized,Marathi,Devanagari,Latin,SMS/Noisy,12,0.009868443
OG04,Formal_vs_Noisy,English,Latin,Latin,Formal_vs_SMS,2,0.034086823
OG04,Formal_vs_Noisy,English,Latin,Latin,Formal_vs_SMS,6,0.061546564
OG04,Formal_vs_Noisy,English,Latin,Latin,Formal_vs_SMS,12,0.0077002645
OG04,Formal_vs_Noisy,Hindi,Devanagari,Devanagari,Formal_vs_SMS,2,0.053303123
OG04,Formal_vs_Noisy,Hindi,Devanagari,Devanagari,Formal_vs_SMS,6,0.03705156
OG04,Formal_vs_Noisy,Hindi,Devanagari,Devanagari,Formal_vs_SMS,12,0.0034038424
OG04,Formal_vs_Noisy,Hindi,Latin,Latin,Formal_vs_SMS,2,0.08904374
OG04,Formal_vs_Noisy,Hindi,Latin,Latin,Formal_vs_SMS,6,0.080632806
OG04,Formal_vs_Noisy,Hindi,Latin,Latin,Formal_vs_SMS,12,0.0059083104
OG04,Formal_vs_Noisy,Marathi,Devanagari,Devanagari,Formal_vs_SMS,2,0.063747644
OG04,Formal_vs_Noisy,Marathi,Devanagari,Devanagari,Formal_vs_SMS,6,0.038507998
OG04,Formal_vs_Noisy,Marathi,Devanagari,Devanagari,Formal_vs_SMS,12,0.0021774173
OG04,Formal_vs_Noisy,Marathi,Latin,Latin,Formal_vs_SMS,2,0.07476449
OG04,Formal_vs_Noisy,Marathi,Latin,Latin,Formal_vs_SMS,6,0.059570074
OG04,Formal_vs_Noisy,Marathi,Latin,Latin,Formal_vs_SMS,12,0.004637778
OG05,Native_vs_Romanized,Hindi,Devanagari,Latin,Formal,2,0.12350404
OG05,Native_vs_Romanized,Hindi,Devanagari,Latin,Formal,6,0.07518685
OG05,Native_vs_Romanized,Hindi,Devanagari,Latin,Formal,12,0.008709967
OG05,Native_vs_Romanized,Hindi,Devanagari,Latin,SMS/Noisy,2,0.07972503
OG05,Native_vs_Romanized,Hindi,Devanagari,Latin,SMS/Noisy,6,0.050494432
OG05,Native_vs_Romanized,Hindi,Devanagari,Latin,SMS/Noisy,12,0.00538975
OG05,Native_vs_Romanized,Marathi,Devanagari,Latin,Formal,2,0.1516962
OG05,Native_vs_Romanized,Marathi,Devanagari,Latin,Formal,6,0.10021645
OG05,Native_vs_Romanized,Marathi,Devanagari,Latin,Formal,12,0.010150969
OG05,Native_vs_Romanized,Marathi,Devanagari,Latin,SMS/Noisy,2,0.12819636
OG05,Native_vs_Romanized,Marathi,Devanagari,Latin,SMS/Noisy,6,0.092695534
OG05,Native_vs_Romanized,Marathi,Devanagari,Latin,SMS/Noisy,12,0.008553207
OG05,Formal_vs_Noisy,English,Latin,Latin,Formal_vs_SMS,2,0.045532346
OG05,Formal_vs_Noisy,English,Latin,Latin,Formal_vs_SMS,6,0.05966866
OG05,Formal_vs_Noisy,English,Latin,Latin,Formal_vs_SMS,12,0.0064169765
OG05,Formal_vs_Noisy,Hindi,Devanagari,Devanagari,Formal_vs_SMS,2,0.024561882
OG05,Formal_vs_Noisy,Hindi,Devanagari,Devanagari,Formal_vs_SMS,6,0.01925844
OG05,Formal_vs_Noisy,Hindi,Devanagari,Devanagari,Formal_vs_SMS,12,0.0015494823
OG05,Formal_vs_Noisy,Hindi,Latin,Latin,Formal_vs_SMS,2,0.06574339
OG05,Formal_vs_Noisy,Hindi,Latin,Latin,Formal_vs_SMS,6,0.043791592
OG05,Formal_vs_Noisy,Hindi,Latin,Latin,Formal_vs_SMS,12,0.0027917027
OG05,Formal_vs_Noisy,Marathi,Devanagari,Devanagari,Formal_vs_SMS,2,0.049512208
OG05,Formal_vs_Noisy,Marathi,Devanagari,Devanagari,Formal_vs_SMS,6,0.02831018
OG05,Formal_vs_Noisy,Marathi,Devanagari,Devanagari,Formal_vs_SMS,12,0.0024349093
OG05,Formal_vs_Noisy,Marathi,Latin,Latin,Formal_vs_SMS,2,0.082060575
OG05,Formal_vs_Noisy,Marathi,Latin,Latin,Formal_vs_SMS,6,0.057303786
OG05,Formal_vs_Noisy,Marathi,Latin,Latin,Formal_vs_SMS,12,0.005050361
OG06,Native_vs_Romanized,Hindi,Devanagari,Latin,Formal,2,0.090753555
OG06,Native_vs_Romanized,Hindi,Devanagari,Latin,Formal,6,0.08748001
OG06,Native_vs_Romanized,Hindi,Devanagari,Latin,Formal,12,0.011837959
OG06,Native_vs_Romanized,Hindi,Devanagari,Latin,SMS/Noisy,2,0.07478511
OG06,Native_vs_Romanized,Hindi,Devanagari,Latin,SMS/Noisy,6,0.05084622
OG06,Native_vs_Romanized,Hindi,Devanagari,Latin,SMS/Noisy,12,0.0072544217
OG06,Native_vs_Romanized,Marathi,Devanagari,Latin,Formal,2,0.1498267
OG06,Native_vs_Romanized,Marathi,Devanagari,Latin,Formal,6,0.098560035
OG06,Native_vs_Romanized,Marathi,Devanagari,Latin,Formal,12,0.0121769905
OG06,Native_vs_Romanized,Marathi,Devanagari,Latin,SMS/Noisy,2,0.09602404
OG06,Native_vs_Romanized,Marathi,Devanagari,Latin,SMS/Noisy,6,0.08514285
OG06,Native_vs_Romanized,Marathi,Devanagari,Latin,SMS/Noisy,12,0.008605421
OG06,Formal_vs_Noisy,English,Latin,Latin,Formal_vs_SMS,2,0.034866214
OG06,Formal_vs_Noisy,English,Latin,Latin,Formal_vs_SMS,6,0.03392917
OG06,Formal_vs_Noisy,English,Latin,Latin,Formal_vs_SMS,12,0.0035604835
OG06,Formal_vs_Noisy,Hindi,Devanagari,Devanagari,Formal_vs_SMS,2,0.053462088
OG06,Formal_vs_Noisy,Hindi,Devanagari,Devanagari,Formal_vs_SMS,6,0.046247423
OG06,Formal_vs_Noisy,Hindi,Devanagari,Devanagari,Formal_vs_SMS,12,0.006445229
OG06,Formal_vs_Noisy,Hindi,Latin,Latin,Formal_vs_SMS,2,0.06953633
OG06,Formal_vs_Noisy,Hindi,Latin,Latin,Formal_vs_SMS,6,0.056619525
OG06,Formal_vs_Noisy,Hindi,Latin,Latin,Formal_vs_SMS,12,0.003964007
OG06,Formal_vs_Noisy,Marathi,Devanagari,Devanagari,Formal_vs_SMS,2,0.07290006
OG06,Formal_vs_Noisy,Marathi,Devanagari,Devanagari,Formal_vs_SMS,6,0.03747058
OG06,Formal_vs_Noisy,Marathi,Devanagari,Devanagari,Formal_vs_SMS,12,0.004616499
OG06,Formal_vs_Noisy,Marathi,Latin,Latin,Formal_vs_SMS,2,0.05893433
OG06,Formal_vs_Noisy,Marathi,Latin,Latin,Formal_vs_SMS,6,0.052131295
OG06,Formal_vs_Noisy,Marathi,Latin,Latin,Formal_vs_SMS,12,0.003676653
OG07,Native_vs_Romanized,Hindi,Devanagari,Latin,Formal,2,0.08003187
OG07,Native_vs_Romanized,Hindi,Devanagari,Latin,Formal,6,0.059643388
OG07,Native_vs_Romanized,Hindi,Devanagari,Latin,Formal,12,0.0072506666
OG07,Native_vs_Romanized,Hindi,Devanagari,Latin,SMS/Noisy,2,0.049255133
OG07,Native_vs_Romanized,Hindi,Devanagari,Latin,SMS/Noisy,6,0.030878961
OG07,Native_vs_Romanized,Hindi,Devanagari,Latin,SMS/Noisy,12,0.0022972822
OG07,Native_vs_Romanized,Marathi,Devanagari,Latin,Formal,2,0.113860965
OG07,Native_vs_Romanized,Marathi,Devanagari,Latin,Formal,6,0.088961184
OG07,Native_vs_Romanized,Marathi,Devanagari,Latin,Formal,12,0.007871211
OG07,Native_vs_Romanized,Marathi,Devanagari,Latin,SMS/Noisy,2,0.07098186
OG07,Native_vs_Romanized,Marathi,Devanagari,Latin,SMS/Noisy,6,0.05314195
OG07,Native_vs_Romanized,Marathi,Devanagari,Latin,SMS/Noisy,12,0.00565207
OG07,Formal_vs_Noisy,English,Latin,Latin,Formal_vs_SMS,2,0.019941866
OG07,Formal_vs_Noisy,English,Latin,Latin,Formal_vs_SMS,6,0.038816333
OG07,Formal_vs_Noisy,English,Latin,Latin,Formal_vs_SMS,12,0.0031107068
OG07,Formal_vs_Noisy,Hindi,Devanagari,Devanagari,Formal_vs_SMS,2,0.034496784
OG07,Formal_vs_Noisy,Hindi,Devanagari,Devanagari,Formal_vs_SMS,6,0.033035994
OG07,Formal_vs_Noisy,Hindi,Devanagari,Devanagari,Formal_vs_SMS,12,0.0024821758
OG07,Formal_vs_Noisy,Hindi,Latin,Latin,Formal_vs_SMS,2,0.06072277
OG07,Formal_vs_Noisy,Hindi,Latin,Latin,Formal_vs_SMS,6,0.05583185
OG07,Formal_vs_Noisy,Hindi,Latin,Latin,Formal_vs_SMS,12,0.0032840967
OG07,Formal_vs_Noisy,Marathi,Devanagari,Devanagari,Formal_vs_SMS,2,0.0416106
OG07,Formal_vs_Noisy,Marathi,Devanagari,Devanagari,Formal_vs_SMS,6,0.032163203
OG07,Formal_vs_Noisy,Marathi,Devanagari,Devanagari,Formal_vs_SMS,12,0.0032999516
OG07,Formal_vs_Noisy,Marathi,Latin,Latin,Formal_vs_SMS,2,0.07152915
OG07,Formal_vs_Noisy,Marathi,Latin,Latin,Formal_vs_SMS,6,0.05283028
OG07,Formal_vs_Noisy,Marathi,Latin,Latin,Formal_vs_SMS,12,0.005354643
OG08,Native_vs_Romanized,Hindi,Devanagari,Latin,Formal,2,0.10912782
OG08,Native_vs_Romanized,Hindi,Devanagari,Latin,Formal,6,0.107020855
OG08,Native_vs_Romanized,Hindi,Devanagari,Latin,Formal,12,0.012426317
OG08,Native_vs_Romanized,Hindi,Devanagari,Latin,SMS/Noisy,2,0.049643338
OG08,Native_vs_Romanized,Hindi,Devanagari,Latin,SMS/Noisy,6,0.054005563
OG08,Native_vs_Romanized,Hindi,Devanagari,Latin,SMS/Noisy,12,0.0058019757
OG08,Native_vs_Romanized,Marathi,Devanagari,Latin,Formal,2,0.13379711
OG08,Native_vs_Romanized,Marathi,Devanagari,Latin,Formal,6,0.10895038
OG08,Native_vs_Romanized,Marathi,Devanagari,Latin,Formal,12,0.011289299
OG08,Native_vs_Romanized,Marathi,Devanagari,Latin,SMS/Noisy,2,0.07376993
OG08,Native_vs_Romanized,Marathi,Devanagari,Latin,SMS/Noisy,6,0.0618757
OG08,Native_vs_Romanized,Marathi,Devanagari,Latin,SMS/Noisy,12,0.0061119795
OG08,Formal_vs_Noisy,English,Latin,Latin,Formal_vs_SMS,2,0.021873176
OG08,Formal_vs_Noisy,English,Latin,Latin,Formal_vs_SMS,6,0.03739029
OG08,Formal_vs_Noisy,English,Latin,Latin,Formal_vs_SMS,12,0.0041385293
OG08,Formal_vs_Noisy,Hindi,Devanagari,Devanagari,Formal_vs_SMS,2,0.064317346
OG08,Formal_vs_Noisy,Hindi,Devanagari,Devanagari,Formal_vs_SMS,6,0.06438148
OG08,Formal_vs_Noisy,Hindi,Devanagari,Devanagari,Formal_vs_SMS,12,0.005981624
OG08,Formal_vs_Noisy,Hindi,Latin,Latin,Formal_vs_SMS,2,0.054561973
OG08,Formal_vs_Noisy,Hindi,Latin,Latin,Formal_vs_SMS,6,0.059096932
OG08,Formal_vs_Noisy,Hindi,Latin,Latin,Formal_vs_SMS,12,0.005676806
OG08,Formal_vs_Noisy,Marathi,Devanagari,Devanagari,Formal_vs_SMS,2,0.08361852
OG08,Formal_vs_Noisy,Marathi,Devanagari,Devanagari,Formal_vs_SMS,6,0.051950693
OG08,Formal_vs_Noisy,Marathi,Devanagari,Devanagari,Formal_vs_SMS,12,0.0041539073
OG08,Formal_vs_Noisy,Marathi,Latin,Latin,Formal_vs_SMS,2,0.05945742
OG08,Formal_vs_Noisy,Marathi,Latin,Latin,Formal_vs_SMS,6,0.03904015
OG08,Formal_vs_Noisy,Marathi,Latin,Latin,Formal_vs_SMS,12,0.0030001402
OG09,Native_vs_Romanized,Hindi,Devanagari,Latin,Formal,2,0.10911977
OG09,Native_vs_Romanized,Hindi,Devanagari,Latin,Formal,6,0.07603407
OG09,Native_vs_Romanized,Hindi,Devanagari,Latin,Formal,12,0.0075795054
OG09,Native_vs_Romanized,Hindi,Devanagari,Latin,SMS/Noisy,2,0.07690096
OG09,Native_vs_Romanized,Hindi,Devanagari,Latin,SMS/Noisy,6,0.070394814
OG09,Native_vs_Romanized,Hindi,Devanagari,Latin,SMS/Noisy,12,0.0065832734
OG09,Native_vs_Romanized,Marathi,Devanagari,Latin,Formal,2,0.14482468
OG09,Native_vs_Romanized,Marathi,Devanagari,Latin,Formal,6,0.11654645
OG09,Native_vs_Romanized,Marathi,Devanagari,Latin,Formal,12,0.011548996
OG09,Native_vs_Romanized,Marathi,Devanagari,Latin,SMS/Noisy,2,0.106582105
OG09,Native_vs_Romanized,Marathi,Devanagari,Latin,SMS/Noisy,6,0.09543729
OG09,Native_vs_Romanized,Marathi,Devanagari,Latin,SMS/Noisy,12,0.0072557926
OG09,Formal_vs_Noisy,English,Latin,Latin,Formal_vs_SMS,2,0.026886106
OG09,Formal_vs_Noisy,English,Latin,Latin,Formal_vs_SMS,6,0.033569574
OG09,Formal_vs_Noisy,English,Latin,Latin,Formal_vs_SMS,12,0.0026509166
OG09,Formal_vs_Noisy,Hindi,Devanagari,Devanagari,Formal_vs_SMS,2,0.084379554
OG09,Formal_vs_Noisy,Hindi,Devanagari,Devanagari,Formal_vs_SMS,6,0.078300476
OG09,Formal_vs_Noisy,Hindi,Devanagari,Devanagari,Formal_vs_SMS,12,0.0040575266
OG09,Formal_vs_Noisy,Hindi,Latin,Latin,Formal_vs_SMS,2,0.09074271
OG09,Formal_vs_Noisy,Hindi,Latin,Latin,Formal_vs_SMS,6,0.067768455
OG09,Formal_vs_Noisy,Hindi,Latin,Latin,Formal_vs_SMS,12,0.0038791895
OG09,Formal_vs_Noisy,Marathi,Devanagari,Devanagari,Formal_vs_SMS,2,0.034915924
OG09,Formal_vs_Noisy,Marathi,Devanagari,Devanagari,Formal_vs_SMS,6,0.035253286
OG09,Formal_vs_Noisy,Marathi,Devanagari,Devanagari,Formal_vs_SMS,12,0.0018976331
OG09,Formal_vs_Noisy,Marathi,Latin,Latin,Formal_vs_SMS,2,0.05210221
OG09,Formal_vs_Noisy,Marathi,Latin,Latin,Formal_vs_SMS,6,0.031005025
OG09,Formal_vs_Noisy,Marathi,Latin,Latin,Formal_vs_SMS,12,0.0047282577
OG10,Native_vs_Romanized,Hindi,Devanagari,Latin,Formal,2,0.10344821
OG10,Native_vs_Romanized,Hindi,Devanagari,Latin,Formal,6,0.07258952
OG10,Native_vs_Romanized,Hindi,Devanagari,Latin,Formal,12,0.008790255
OG10,Native_vs_Romanized,Hindi,Devanagari,Latin,SMS/Noisy,2,0.07855916
OG10,Native_vs_Romanized,Hindi,Devanagari,Latin,SMS/Noisy,6,0.04203862
OG10,Native_vs_Romanized,Hindi,Devanagari,Latin,SMS/Noisy,12,0.005138457
OG10,Native_vs_Romanized,Marathi,Devanagari,Latin,Formal,2,0.10179418
OG10,Native_vs_Romanized,Marathi,Devanagari,Latin,Formal,6,0.08860338
OG10,Native_vs_Romanized,Marathi,Devanagari,Latin,Formal,12,0.009400427
OG10,Native_vs_Romanized,Marathi,Devanagari,Latin,SMS/Noisy,2,0.09640163
OG10,Native_vs_Romanized,Marathi,Devanagari,Latin,SMS/Noisy,6,0.101677954
OG10,Native_vs_Romanized,Marathi,Devanagari,Latin,SMS/Noisy,12,0.008457661
OG10,Formal_vs_Noisy,English,Latin,Latin,Formal_vs_SMS,2,0.011196554
OG10,Formal_vs_Noisy,English,Latin,Latin,Formal_vs_SMS,6,0.021126986
OG10,Formal_vs_Noisy,English,Latin,Latin,Formal_vs_SMS,12,0.0011038184
OG10,Formal_vs_Noisy,Hindi,Devanagari,Devanagari,Formal_vs_SMS,2,0.03752613
OG10,Formal_vs_Noisy,Hindi,Devanagari,Devanagari,Formal_vs_SMS,6,0.04463303
OG10,Formal_vs_Noisy,Hindi,Devanagari,Devanagari,Formal_vs_SMS,12,0.0034663677
OG10,Formal_vs_Noisy,Hindi,Latin,Latin,Formal_vs_SMS,2,0.05804032
OG10,Formal_vs_Noisy,Hindi,Latin,Latin,Formal_vs_SMS,6,0.04824364
OG10,Formal_vs_Noisy,Hindi,Latin,Latin,Formal_vs_SMS,12,0.00395149
OG10,Formal_vs_Noisy,Marathi,Devanagari,Devanagari,Formal_vs_SMS,2,0.03863269
OG10,Formal_vs_Noisy,Marathi,Devanagari,Devanagari,Formal_vs_SMS,6,0.039923668
OG10,Formal_vs_Noisy,Marathi,Devanagari,Devanagari,Formal_vs_SMS,12,0.003535688
OG10,Formal_vs_Noisy,Marathi,Latin,Latin,Formal_vs_SMS,2,0.055684924
OG10,Formal_vs_Noisy,Marathi,Latin,Latin,Formal_vs_SMS,6,0.051332474
OG10,Formal_vs_Noisy,Marathi,Latin,Latin,Formal_vs_SMS,12,0.004540384
ST01,Native_vs_Romanized,Hindi,Devanagari,Latin,Formal,2,0.11505014
ST01,Native_vs_Romanized,Hindi,Devanagari,Latin,Formal,6,0.09119582
ST01,Native_vs_Romanized,Hindi,Devanagari,Latin,Formal,12,0.009909689
ST01,Native_vs_Romanized,Hindi,Devanagari,Latin,SMS/Noisy,2,0.09954035
ST01,Native_vs_Romanized,Hindi,Devanagari,Latin,SMS/Noisy,6,0.10298115
ST01,Native_vs_Romanized,Hindi,Devanagari,Latin,SMS/Noisy,12,0.0058224797
ST01,Native_vs_Romanized,Marathi,Devanagari,Latin,Formal,2,0.1306873
ST01,Native_vs_Romanized,Marathi,Devanagari,Latin,Formal,6,0.109882355
ST01,Native_vs_Romanized,Marathi,Devanagari,Latin,Formal,12,0.009617507
ST01,Native_vs_Romanized,Marathi,Devanagari,Latin,SMS/Noisy,2,0.1304301
ST01,Native_vs_Romanized,Marathi,Devanagari,Latin,SMS/Noisy,6,0.11580765
ST01,Native_vs_Romanized,Marathi,Devanagari,Latin,SMS/Noisy,12,0.01066941
ST01,Formal_vs_Noisy,English,Latin,Latin,Formal_vs_SMS,2,0.030719459
ST01,Formal_vs_Noisy,English,Latin,Latin,Formal_vs_SMS,6,0.0406304
ST01,Formal_vs_Noisy,English,Latin,Latin,Formal_vs_SMS,12,0.0034459233
ST01,Formal_vs_Noisy,Hindi,Devanagari,Devanagari,Formal_vs_SMS,2,0.06871152
ST01,Formal_vs_Noisy,Hindi,Devanagari,Devanagari,Formal_vs_SMS,6,0.08617979
ST01,Formal_vs_Noisy,Hindi,Devanagari,Devanagari,Formal_vs_SMS,12,0.007962346
ST01,Formal_vs_Noisy,Hindi,Latin,Latin,Formal_vs_SMS,2,0.08839321
ST01,Formal_vs_Noisy,Hindi,Latin,Latin,Formal_vs_SMS,6,0.08109629
ST01,Formal_vs_Noisy,Hindi,Latin,Latin,Formal_vs_SMS,12,0.007896185
ST01,Formal_vs_Noisy,Marathi,Devanagari,Devanagari,Formal_vs_SMS,2,0.085211754
ST01,Formal_vs_Noisy,Marathi,Devanagari,Devanagari,Formal_vs_SMS,6,0.05086416
ST01,Formal_vs_Noisy,Marathi,Devanagari,Devanagari,Formal_vs_SMS,12,0.0029209256
ST01,Formal_vs_Noisy,Marathi,Latin,Latin,Formal_vs_SMS,2,0.06736857
ST01,Formal_vs_Noisy,Marathi,Latin,Latin,Formal_vs_SMS,6,0.05034387
ST01,Formal_vs_Noisy,Marathi,Latin,Latin,Formal_vs_SMS,12,0.0043028593
ST02,Native_vs_Romanized,Hindi,Devanagari,Latin,Formal,2,0.10227996
ST02,Native_vs_Romanized,Hindi,Devanagari,Latin,Formal,6,0.07688439
ST02,Native_vs_Romanized,Hindi,Devanagari,Latin,Formal,12,0.008983552
ST02,Native_vs_Romanized,Hindi,Devanagari,Latin,SMS/Noisy,2,0.060566247
ST02,Native_vs_Romanized,Hindi,Devanagari,Latin,SMS/Noisy,6,0.04385501
ST02,Native_vs_Romanized,Hindi,Devanagari,Latin,SMS/Noisy,12,0.0051382184
ST02,Native_vs_Romanized,Marathi,Devanagari,Latin,Formal,2,0.13115358
ST02,Native_vs_Romanized,Marathi,Devanagari,Latin,Formal,6,0.07847875
ST02,Native_vs_Romanized,Marathi,Devanagari,Latin,Formal,12,0.009434342
ST02,Native_vs_Romanized,Marathi,Devanagari,Latin,SMS/Noisy,2,0.10370189
ST02,Native_vs_Romanized,Marathi,Devanagari,Latin,SMS/Noisy,6,0.083663166
ST02,Native_vs_Romanized,Marathi,Devanagari,Latin,SMS/Noisy,12,0.00945276
ST02,Formal_vs_Noisy,English,Latin,Latin,Formal_vs_SMS,2,0.015828311
ST02,Formal_vs_Noisy,English,Latin,Latin,Formal_vs_SMS,6,0.020478308
ST02,Formal_vs_Noisy,English,Latin,Latin,Formal_vs_SMS,12,0.0022948384
ST02,Formal_vs_Noisy,Hindi,Devanagari,Devanagari,Formal_vs_SMS,2,0.042150617
ST02,Formal_vs_Noisy,Hindi,Devanagari,Devanagari,Formal_vs_SMS,6,0.040405333
ST02,Formal_vs_Noisy,Hindi,Devanagari,Devanagari,Formal_vs_SMS,12,0.00304538
ST02,Formal_vs_Noisy,Hindi,Latin,Latin,Formal_vs_SMS,2,0.07701224
ST02,Formal_vs_Noisy,Hindi,Latin,Latin,Formal_vs_SMS,6,0.05448115
ST02,Formal_vs_Noisy,Hindi,Latin,Latin,Formal_vs_SMS,12,0.004102528
ST02,Formal_vs_Noisy,Marathi,Devanagari,Devanagari,Formal_vs_SMS,2,0.0701378
ST02,Formal_vs_Noisy,Marathi,Devanagari,Devanagari,Formal_vs_SMS,6,0.049602985
ST02,Formal_vs_Noisy,Marathi,Devanagari,Devanagari,Formal_vs_SMS,12,0.0044441223
ST02,Formal_vs_Noisy,Marathi,Latin,Latin,Formal_vs_SMS,2,0.080904365
ST02,Formal_vs_Noisy,Marathi,Latin,Latin,Formal_vs_SMS,6,0.068699
ST02,Formal_vs_Noisy,Marathi,Latin,Latin,Formal_vs_SMS,12,0.008431613
ST03,Native_vs_Romanized,Hindi,Devanagari,Latin,Formal,2,0.13150531
ST03,Native_vs_Romanized,Hindi,Devanagari,Latin,Formal,6,0.1178146
ST03,Native_vs_Romanized,Hindi,Devanagari,Latin,Formal,12,0.012868047
ST03,Native_vs_Romanized,Hindi,Devanagari,Latin,SMS/Noisy,2,0.08848846
ST03,Native_vs_Romanized,Hindi,Devanagari,Latin,SMS/Noisy,6,0.12745708
ST03,Native_vs_Romanized,Hindi,Devanagari,Latin,SMS/Noisy,12,0.009844661
ST03,Native_vs_Romanized,Marathi,Devanagari,Latin,Formal,2,0.12583727
ST03,Native_vs_Romanized,Marathi,Devanagari,Latin,Formal,6,0.09085381
ST03,Native_vs_Romanized,Marathi,Devanagari,Latin,Formal,12,0.011168063
ST03,Native_vs_Romanized,Marathi,Devanagari,Latin,SMS/Noisy,2,0.110859334
ST03,Native_vs_Romanized,Marathi,Devanagari,Latin,SMS/Noisy,6,0.114044905
ST03,Native_vs_Romanized,Marathi,Devanagari,Latin,SMS/Noisy,12,0.008935809
ST03,Formal_vs_Noisy,English,Latin,Latin,Formal_vs_SMS,2,0.06341106
ST03,Formal_vs_Noisy,English,Latin,Latin,Formal_vs_SMS,6,0.05775547
ST03,Formal_vs_Noisy,English,Latin,Latin,Formal_vs_SMS,12,0.005377412
ST03,Formal_vs_Noisy,Hindi,Devanagari,Devanagari,Formal_vs_SMS,2,0.03930545
ST03,Formal_vs_Noisy,Hindi,Devanagari,Devanagari,Formal_vs_SMS,6,0.037249565
ST03,Formal_vs_Noisy,Hindi,Devanagari,Devanagari,Formal_vs_SMS,12,0.0034045577
ST03,Formal_vs_Noisy,Hindi,Latin,Latin,Formal_vs_SMS,2,0.07559544
ST03,Formal_vs_Noisy,Hindi,Latin,Latin,Formal_vs_SMS,6,0.07808244
ST03,Formal_vs_Noisy,Hindi,Latin,Latin,Formal_vs_SMS,12,0.006785929
ST03,Formal_vs_Noisy,Marathi,Devanagari,Devanagari,Formal_vs_SMS,2,0.094338536
ST03,Formal_vs_Noisy,Marathi,Devanagari,Devanagari,Formal_vs_SMS,6,0.07350838
ST03,Formal_vs_Noisy,Marathi,Devanagari,Devanagari,Formal_vs_SMS,12,0.0068389177
ST03,Formal_vs_Noisy,Marathi,Latin,Latin,Formal_vs_SMS,2,0.07409668
ST03,Formal_vs_Noisy,Marathi,Latin,Latin,Formal_vs_SMS,6,0.06686133
ST03,Formal_vs_Noisy,Marathi,Latin,Latin,Formal_vs_SMS,12,0.008134484
ST04,Native_vs_Romanized,Hindi,Devanagari,Latin,Formal,2,0.07938099
ST04,Native_vs_Romanized,Hindi,Devanagari,Latin,Formal,6,0.055028677
ST04,Native_vs_Romanized,Hindi,Devanagari,Latin,Formal,12,0.005857706
ST04,Native_vs_Romanized,Hindi,Devanagari,Latin,SMS/Noisy,2,0.03711897
ST04,Native_vs_Romanized,Hindi,Devanagari,Latin,SMS/Noisy,6,0.054273844
ST04,Native_vs_Romanized,Hindi,Devanagari,Latin,SMS/Noisy,12,0.0053465962
ST04,Native_vs_Romanized,Marathi,Devanagari,Latin,Formal,2,0.11229199
ST04,Native_vs_Romanized,Marathi,Devanagari,Latin,Formal,6,0.094198406
ST04,Native_vs_Romanized,Marathi,Devanagari,Latin,Formal,12,0.0072829127
ST04,Native_vs_Romanized,Marathi,Devanagari,Latin,SMS/Noisy,2,0.08823335
ST04,Native_vs_Romanized,Marathi,Devanagari,Latin,SMS/Noisy,6,0.07628018
ST04,Native_vs_Romanized,Marathi,Devanagari,Latin,SMS/Noisy,12,0.0066765547
ST04,Formal_vs_Noisy,English,Latin,Latin,Formal_vs_SMS,2,0.040737808
ST04,Formal_vs_Noisy,English,Latin,Latin,Formal_vs_SMS,6,0.05883217
ST04,Formal_vs_Noisy,English,Latin,Latin,Formal_vs_SMS,12,0.006370783
ST04,Formal_vs_Noisy,Hindi,Devanagari,Devanagari,Formal_vs_SMS,2,0.07616699
ST04,Formal_vs_Noisy,Hindi,Devanagari,Devanagari,Formal_vs_SMS,6,0.09024751
ST04,Formal_vs_Noisy,Hindi,Devanagari,Devanagari,Formal_vs_SMS,12,0.0071041584
ST04,Formal_vs_Noisy,Hindi,Latin,Latin,Formal_vs_SMS,2,0.080596924
ST04,Formal_vs_Noisy,Hindi,Latin,Latin,Formal_vs_SMS,6,0.09162593
ST04,Formal_vs_Noisy,Hindi,Latin,Latin,Formal_vs_SMS,12,0.009642363
ST04,Formal_vs_Noisy,Marathi,Devanagari,Devanagari,Formal_vs_SMS,2,0.054982066
ST04,Formal_vs_Noisy,Marathi,Devanagari,Devanagari,Formal_vs_SMS,6,0.042285323
ST04,Formal_vs_Noisy,Marathi,Devanagari,Devanagari,Formal_vs_SMS,12,0.0019235611
ST04,Formal_vs_Noisy,Marathi,Latin,Latin,Formal_vs_SMS,2,0.07489753
ST04,Formal_vs_Noisy,Marathi,Latin,Latin,Formal_vs_SMS,6,0.06932092
ST04,Formal_vs_Noisy,Marathi,Latin,Latin,Formal_vs_SMS,12,0.005671978
ST05,Native_vs_Romanized,Hindi,Devanagari,Latin,Formal,2,0.11565828
ST05,Native_vs_Romanized,Hindi,Devanagari,Latin,Formal,6,0.08553541
ST05,Native_vs_Romanized,Hindi,Devanagari,Latin,Formal,12,0.00938648
ST05,Native_vs_Romanized,Hindi,Devanagari,Latin,SMS/Noisy,2,0.10421157
ST05,Native_vs_Romanized,Hindi,Devanagari,Latin,SMS/Noisy,6,0.059508204
ST05,Native_vs_Romanized,Hindi,Devanagari,Latin,SMS/Noisy,12,0.0075760484
ST05,Native_vs_Romanized,Marathi,Devanagari,Latin,Formal,2,0.11696541
ST05,Native_vs_Romanized,Marathi,Devanagari,Latin,Formal,6,0.09436858
ST05,Native_vs_Romanized,Marathi,Devanagari,Latin,Formal,12,0.009634495
ST05,Native_vs_Romanized,Marathi,Devanagari,Latin,SMS/Noisy,2,0.09848809
ST05,Native_vs_Romanized,Marathi,Devanagari,Latin,SMS/Noisy,6,0.09058106
ST05,Native_vs_Romanized,Marathi,Devanagari,Latin,SMS/Noisy,12,0.007960796
ST05,Formal_vs_Noisy,English,Latin,Latin,Formal_vs_SMS,2,0.088076234
ST05,Formal_vs_Noisy,English,Latin,Latin,Formal_vs_SMS,6,0.08105427
ST05,Formal_vs_Noisy,English,Latin,Latin,Formal_vs_SMS,12,0.006166041
ST05,Formal_vs_Noisy,Hindi,Devanagari,Devanagari,Formal_vs_SMS,2,0.039407372
ST05,Formal_vs_Noisy,Hindi,Devanagari,Devanagari,Formal_vs_SMS,6,0.04439372
ST05,Formal_vs_Noisy,Hindi,Devanagari,Devanagari,Formal_vs_SMS,12,0.0028738976
ST05,Formal_vs_Noisy,Hindi,Latin,Latin,Formal_vs_SMS,2,0.0854578
ST05,Formal_vs_Noisy,Hindi,Latin,Latin,Formal_vs_SMS,6,0.051044226
ST05,Formal_vs_Noisy,Hindi,Latin,Latin,Formal_vs_SMS,12,0.0059465766
ST05,Formal_vs_Noisy,Marathi,Devanagari,Devanagari,Formal_vs_SMS,2,0.041519105
ST05,Formal_vs_Noisy,Marathi,Devanagari,Devanagari,Formal_vs_SMS,6,0.046532154
ST05,Formal_vs_Noisy,Marathi,Devanagari,Devanagari,Formal_vs_SMS,12,0.0043818355
ST05,Formal_vs_Noisy,Marathi,Latin,Latin,Formal_vs_SMS,2,0.07431322
ST05,Formal_vs_Noisy,Marathi,Latin,Latin,Formal_vs_SMS,6,0.07133061
ST05,Formal_vs_Noisy,Marathi,Latin,Latin,Formal_vs_SMS,12,0.005715966
ST06,Native_vs_Romanized,Hindi,Devanagari,Latin,Formal,2,0.11489242
ST06,Native_vs_Romanized,Hindi,Devanagari,Latin,Formal,6,0.08985782
ST06,Native_vs_Romanized,Hindi,Devanagari,Latin,Formal,12,0.009853244
ST06,Native_vs_Romanized,Hindi,Devanagari,Latin,SMS/Noisy,2,0.048803568
ST06,Native_vs_Romanized,Hindi,Devanagari,Latin,SMS/Noisy,6,0.038457513
ST06,Native_vs_Romanized,Hindi,Devanagari,Latin,SMS/Noisy,12,0.005703211
ST06,Native_vs_Romanized,Marathi,Devanagari,Latin,Formal,2,0.091278076
ST06,Native_vs_Romanized,Marathi,Devanagari,Latin,Formal,6,0.10356915
ST06,Native_vs_Romanized,Marathi,Devanagari,Latin,Formal,12,0.008528709
ST06,Native_vs_Romanized,Marathi,Devanagari,Latin,SMS/Noisy,2,0.08278167
ST06,Native_vs_Romanized,Marathi,Devanagari,Latin,SMS/Noisy,6,0.0857206
ST06,Native_vs_Romanized,Marathi,Devanagari,Latin,SMS/Noisy,12,0.007540822
ST06,Formal_vs_Noisy,English,Latin,Latin,Formal_vs_SMS,2,0.03239715
ST06,Formal_vs_Noisy,English,Latin,Latin,Formal_vs_SMS,6,0.055080414
ST06,Formal_vs_Noisy,English,Latin,Latin,Formal_vs_SMS,12,0.007294953
ST06,Formal_vs_Noisy,Hindi,Devanagari,Devanagari,Formal_vs_SMS,2,0.058651388
ST06,Formal_vs_Noisy,Hindi,Devanagari,Devanagari,Formal_vs_SMS,6,0.04005629
ST06,Formal_vs_Noisy,Hindi,Devanagari,Devanagari,Formal_vs_SMS,12,0.003717661
ST06,Formal_vs_Noisy,Hindi,Latin,Latin,Formal_vs_SMS,2,0.10937536
ST06,Formal_vs_Noisy,Hindi,Latin,Latin,Formal_vs_SMS,6,0.097040415
ST06,Formal_vs_Noisy,Hindi,Latin,Latin,Formal_vs_SMS,12,0.007446587
ST06,Formal_vs_Noisy,Marathi,Devanagari,Devanagari,Formal_vs_SMS,2,0.06777692
ST06,Formal_vs_Noisy,Marathi,Devanagari,Devanagari,Formal_vs_SMS,6,0.056126535
ST06,Formal_vs_Noisy,Marathi,Devanagari,Devanagari,Formal_vs_SMS,12,0.0038493872
ST06,Formal_vs_Noisy,Marathi,Latin,Latin,Formal_vs_SMS,2,0.07089257
ST06,Formal_vs_Noisy,Marathi,Latin,Latin,Formal_vs_SMS,6,0.0787859
ST06,Formal_vs_Noisy,Marathi,Latin,Latin,Formal_vs_SMS,12,0.006417036
ST07,Native_vs_Romanized,Hindi,Devanagari,Latin,Formal,2,0.120967865
ST07,Native_vs_Romanized,Hindi,Devanagari,Latin,Formal,6,0.09820163
ST07,Native_vs_Romanized,Hindi,Devanagari,Latin,Formal,12,0.011631906
ST07,Native_vs_Romanized,Hindi,Devanagari,Latin,SMS/Noisy,2,0.078077435
ST07,Native_vs_Romanized,Hindi,Devanagari,Latin,SMS/Noisy,6,0.065099776
ST07,Native_vs_Romanized,Hindi,Devanagari,Latin,SMS/Noisy,12,0.005034864
ST07,Native_vs_Romanized,Marathi,Devanagari,Latin,Formal,2,0.15116519
ST07,Native_vs_Romanized,Marathi,Devanagari,Latin,Formal,6,0.13687867
ST07,Native_vs_Romanized,Marathi,Devanagari,Latin,Formal,12,0.013812482
ST07,Native_vs_Romanized,Marathi,Devanagari,Latin,SMS/Noisy,2,0.12976146
ST07,Native_vs_Romanized,Marathi,Devanagari,Latin,SMS/Noisy,6,0.08166045
ST07,Native_vs_Romanized,Marathi,Devanagari,Latin,SMS/Noisy,12,0.007772267
ST07,Formal_vs_Noisy,English,Latin,Latin,Formal_vs_SMS,2,0.08086133
ST07,Formal_vs_Noisy,English,Latin,Latin,Formal_vs_SMS,6,0.080079496
ST07,Formal_vs_Noisy,English,Latin,Latin,Formal_vs_SMS,12,0.0062024593
ST07,Formal_vs_Noisy,Hindi,Devanagari,Devanagari,Formal_vs_SMS,2,0.07731891
ST07,Formal_vs_Noisy,Hindi,Devanagari,Devanagari,Formal_vs_SMS,6,0.070632935
ST07,Formal_vs_Noisy,Hindi,Devanagari,Devanagari,Formal_vs_SMS,12,0.008736014
ST07,Formal_vs_Noisy,Hindi,Latin,Latin,Formal_vs_SMS,2,0.10550308
ST07,Formal_vs_Noisy,Hindi,Latin,Latin,Formal_vs_SMS,6,0.0883311
ST07,Formal_vs_Noisy,Hindi,Latin,Latin,Formal_vs_SMS,12,0.0074142814
ST07,Formal_vs_Noisy,Marathi,Devanagari,Devanagari,Formal_vs_SMS,2,0.101196885
ST07,Formal_vs_Noisy,Marathi,Devanagari,Devanagari,Formal_vs_SMS,6,0.08786631
ST07,Formal_vs_Noisy,Marathi,Devanagari,Devanagari,Formal_vs_SMS,12,0.010254145
ST07,Formal_vs_Noisy,Marathi,Latin,Latin,Formal_vs_SMS,2,0.057979167
ST07,Formal_vs_Noisy,Marathi,Latin,Latin,Formal_vs_SMS,6,0.047297478
ST07,Formal_vs_Noisy,Marathi,Latin,Latin,Formal_vs_SMS,12,0.0035991669
ST08,Native_vs_Romanized,Hindi,Devanagari,Latin,Formal,2,0.12464398
ST08,Native_vs_Romanized,Hindi,Devanagari,Latin,Formal,6,0.09202683
ST08,Native_vs_Romanized,Hindi,Devanagari,Latin,Formal,12,0.011251152
ST08,Native_vs_Romanized,Hindi,Devanagari,Latin,SMS/Noisy,2,0.06303227
ST08,Native_vs_Romanized,Hindi,Devanagari,Latin,SMS/Noisy,6,0.071888626
ST08,Native_vs_Romanized,Hindi,Devanagari,Latin,SMS/Noisy,12,0.0065416098
ST08,Native_vs_Romanized,Marathi,Devanagari,Latin,Formal,2,0.10758191
ST08,Native_vs_Romanized,Marathi,Devanagari,Latin,Formal,6,0.09882009
ST08,Native_vs_Romanized,Marathi,Devanagari,Latin,Formal,12,0.008639991
ST08,Native_vs_Romanized,Marathi,Devanagari,Latin,SMS/Noisy,2,0.096229374
ST08,Native_vs_Romanized,Marathi,Devanagari,Latin,SMS/Noisy,6,0.08252829
ST08,Native_vs_Romanized,Marathi,Devanagari,Latin,SMS/Noisy,12,0.007291436
ST08,Formal_vs_Noisy,English,Latin,Latin,Formal_vs_SMS,2,0.05576682
ST08,Formal_vs_Noisy,English,Latin,Latin,Formal_vs_SMS,6,0.060263574
ST08,Formal_vs_Noisy,English,Latin,Latin,Formal_vs_SMS,12,0.0043869615
ST08,Formal_vs_Noisy,Hindi,Devanagari,Devanagari,Formal_vs_SMS,2,0.056277692
ST08,Formal_vs_Noisy,Hindi,Devanagari,Devanagari,Formal_vs_SMS,6,0.06274319
ST08,Formal_vs_Noisy,Hindi,Devanagari,Devanagari,Formal_vs_SMS,12,0.0072085857
ST08,Formal_vs_Noisy,Hindi,Latin,Latin,Formal_vs_SMS,2,0.07019067
ST08,Formal_vs_Noisy,Hindi,Latin,Latin,Formal_vs_SMS,6,0.08535111
ST08,Formal_vs_Noisy,Hindi,Latin,Latin,Formal_vs_SMS,12,0.0062481165
ST08,Formal_vs_Noisy,Marathi,Devanagari,Devanagari,Formal_vs_SMS,2,0.0534119
ST08,Formal_vs_Noisy,Marathi,Devanagari,Devanagari,Formal_vs_SMS,6,0.05831647
ST08,Formal_vs_Noisy,Marathi,Devanagari,Devanagari,Formal_vs_SMS,12,0.0041069984
ST08,Formal_vs_Noisy,Marathi,Latin,Latin,Formal_vs_SMS,2,0.07411659
ST08,Formal_vs_Noisy,Marathi,Latin,Latin,Formal_vs_SMS,6,0.069101155
ST08,Formal_vs_Noisy,Marathi,Latin,Latin,Formal_vs_SMS,12,0.00562948
ST09,Native_vs_Romanized,Hindi,Devanagari,Latin,Formal,2,0.112201154
ST09,Native_vs_Romanized,Hindi,Devanagari,Latin,Formal,6,0.090580225
ST09,Native_vs_Romanized,Hindi,Devanagari,Latin,Formal,12,0.010365725
ST09,Native_vs_Romanized,Hindi,Devanagari,Latin,SMS/Noisy,2,0.1230098
ST09,Native_vs_Romanized,Hindi,Devanagari,Latin,SMS/Noisy,6,0.10167891
ST09,Native_vs_Romanized,Hindi,Devanagari,Latin,SMS/Noisy,12,0.0056483746
ST09,Native_vs_Romanized,Marathi,Devanagari,Latin,Formal,2,0.11496091
ST09,Native_vs_Romanized,Marathi,Devanagari,Latin,Formal,6,0.09925544
ST09,Native_vs_Romanized,Marathi,Devanagari,Latin,Formal,12,0.011415601
ST09,Native_vs_Romanized,Marathi,Devanagari,Latin,SMS/Noisy,2,0.09696418
ST09,Native_vs_Romanized,Marathi,Devanagari,Latin,SMS/Noisy,6,0.08231789
ST09,Native_vs_Romanized,Marathi,Devanagari,Latin,SMS/Noisy,12,0.010229647
ST09,Formal_vs_Noisy,English,Latin,Latin,Formal_vs_SMS,2,0.051173568
ST09,Formal_vs_Noisy,English,Latin,Latin,Formal_vs_SMS,6,0.06542516
ST09,Formal_vs_Noisy,English,Latin,Latin,Formal_vs_SMS,12,0.005174935
ST09,Formal_vs_Noisy,Hindi,Devanagari,Devanagari,Formal_vs_SMS,2,0.033574462
ST09,Formal_vs_Noisy,Hindi,Devanagari,Devanagari,Formal_vs_SMS,6,0.03849566
ST09,Formal_vs_Noisy,Hindi,Devanagari,Devanagari,Formal_vs_SMS,12,0.002816081
ST09,Formal_vs_Noisy,Hindi,Latin,Latin,Formal_vs_SMS,2,0.08104032
ST09,Formal_vs_Noisy,Hindi,Latin,Latin,Formal_vs_SMS,6,0.07224387
ST09,Formal_vs_Noisy,Hindi,Latin,Latin,Formal_vs_SMS,12,0.0081602335
ST09,Formal_vs_Noisy,Marathi,Devanagari,Devanagari,Formal_vs_SMS,2,0.086122215
ST09,Formal_vs_Noisy,Marathi,Devanagari,Devanagari,Formal_vs_SMS,6,0.07846129
ST09,Formal_vs_Noisy,Marathi,Devanagari,Devanagari,Formal_vs_SMS,12,0.008507848
ST09,Formal_vs_Noisy,Marathi,Latin,Latin,Formal_vs_SMS,2,0.09320217
ST09,Formal_vs_Noisy,Marathi,Latin,Latin,Formal_vs_SMS,6,0.07077205
ST09,Formal_vs_Noisy,Marathi,Latin,Latin,Formal_vs_SMS,12,0.007899284
ST10,Native_vs_Romanized,Hindi,Devanagari,Latin,Formal,2,0.121533394
ST10,Native_vs_Romanized,Hindi,Devanagari,Latin,Formal,6,0.09600824
ST10,Native_vs_Romanized,Hindi,Devanagari,Latin,Formal,12,0.012489796
ST10,Native_vs_Romanized,Hindi,Devanagari,Latin,SMS/Noisy,2,0.1113497
ST10,Native_vs_Romanized,Hindi,Devanagari,Latin,SMS/Noisy,6,0.13845152
ST10,Native_vs_Romanized,Hindi,Devanagari,Latin,SMS/Noisy,12,0.006845236
ST10,Native_vs_Romanized,Marathi,Devanagari,Latin,Formal,2,0.10036266
ST10,Native_vs_Romanized,Marathi,Devanagari,Latin,Formal,6,0.08152938
ST10,Native_vs_Romanized,Marathi,Devanagari,Latin,Formal,12,0.0092749
ST10,Native_vs_Romanized,Marathi,Devanagari,Latin,SMS/Noisy,2,0.057890475
ST10,Native_vs_Romanized,Marathi,Devanagari,Latin,SMS/Noisy,6,0.07539368
ST10,Native_vs_Romanized,Marathi,Devanagari,Latin,SMS/Noisy,12,0.0058797
ST10,Formal_vs_Noisy,English,Latin,Latin,Formal_vs_SMS,2,0.027083576
ST10,Formal_vs_Noisy,English,Latin,Latin,Formal_vs_SMS,6,0.045214593
ST10,Formal_vs_Noisy,English,Latin,Latin,Formal_vs_SMS,12,0.0052310824
ST10,Formal_vs_Noisy,Hindi,Devanagari,Devanagari,Formal_vs_SMS,2,0.08849186
ST10,Formal_vs_Noisy,Hindi,Devanagari,Devanagari,Formal_vs_SMS,6,0.12086618
ST10,Formal_vs_Noisy,Hindi,Devanagari,Devanagari,Formal_vs_SMS,12,0.012270331
ST10,Formal_vs_Noisy,Hindi,Latin,Latin,Formal_vs_SMS,2,0.09346986
ST10,Formal_vs_Noisy,Hindi,Latin,Latin,Formal_vs_SMS,6,0.106950164
ST10,Formal_vs_Noisy,Hindi,Latin,Latin,Formal_vs_SMS,12,0.0071219206
ST10,Formal_vs_Noisy,Marathi,Devanagari,Devanagari,Formal_vs_SMS,2,0.05849862
ST10,Formal_vs_Noisy,Marathi,Devanagari,Devanagari,Formal_vs_SMS,6,0.07190418
ST10,Formal_vs_Noisy,Marathi,Devanagari,Devanagari,Formal_vs_SMS,12,0.0072278976
ST10,Formal_vs_Noisy,Marathi,Latin,Latin,Formal_vs_SMS,2,0.07815564
ST10,Formal_vs_Noisy,Marathi,Latin,Latin,Formal_vs_SMS,6,0.08398366
ST10,Formal_vs_Noisy,Marathi,Latin,Latin,Formal_vs_SMS,12,0.007883012
UE01,Native_vs_Romanized,Hindi,Devanagari,Latin,Formal,2,0.07551712
UE01,Native_vs_Romanized,Hindi,Devanagari,Latin,Formal,6,0.058228552
UE01,Native_vs_Romanized,Hindi,Devanagari,Latin,Formal,12,0.006871164
UE01,Native_vs_Romanized,Hindi,Devanagari,Latin,SMS/Noisy,2,0.07297701
UE01,Native_vs_Romanized,Hindi,Devanagari,Latin,SMS/Noisy,6,0.054626822
UE01,Native_vs_Romanized,Hindi,Devanagari,Latin,SMS/Noisy,12,0.006023884
UE01,Native_vs_Romanized,Marathi,Devanagari,Latin,Formal,2,0.124237895
UE01,Native_vs_Romanized,Marathi,Devanagari,Latin,Formal,6,0.092555225
UE01,Native_vs_Romanized,Marathi,Devanagari,Latin,Formal,12,0.008976102
UE01,Native_vs_Romanized,Marathi,Devanagari,Latin,SMS/Noisy,2,0.1281308
UE01,Native_vs_Romanized,Marathi,Devanagari,Latin,SMS/Noisy,6,0.10105646
UE01,Native_vs_Romanized,Marathi,Devanagari,Latin,SMS/Noisy,12,0.007982969
UE01,Formal_vs_Noisy,English,Latin,Latin,Formal_vs_SMS,2,0.023326397
UE01,Formal_vs_Noisy,English,Latin,Latin,Formal_vs_SMS,6,0.025375366
UE01,Formal_vs_Noisy,English,Latin,Latin,Formal_vs_SMS,12,0.0015607476
UE01,Formal_vs_Noisy,Hindi,Devanagari,Devanagari,Formal_vs_SMS,2,0.024060965
UE01,Formal_vs_Noisy,Hindi,Devanagari,Devanagari,Formal_vs_SMS,6,0.02540499
UE01,Formal_vs_Noisy,Hindi,Devanagari,Devanagari,Formal_vs_SMS,12,0.0014714003
UE01,Formal_vs_Noisy,Hindi,Latin,Latin,Formal_vs_SMS,2,0.033587933
UE01,Formal_vs_Noisy,Hindi,Latin,Latin,Formal_vs_SMS,6,0.036166072
UE01,Formal_vs_Noisy,Hindi,Latin,Latin,Formal_vs_SMS,12,0.0024003386
UE01,Formal_vs_Noisy,Marathi,Devanagari,Devanagari,Formal_vs_SMS,2,0.03938371
UE01,Formal_vs_Noisy,Marathi,Devanagari,Devanagari,Formal_vs_SMS,6,0.02848661
UE01,Formal_vs_Noisy,Marathi,Devanagari,Devanagari,Formal_vs_SMS,12,0.0025413632
UE01,Formal_vs_Noisy,Marathi,Latin,Latin,Formal_vs_SMS,2,0.063200474
UE01,Formal_vs_Noisy,Marathi,Latin,Latin,Formal_vs_SMS,6,0.052254736
UE01,Formal_vs_Noisy,Marathi,Latin,Latin,Formal_vs_SMS,12,0.003837049
UE02,Native_vs_Romanized,Hindi,Devanagari,Latin,Formal,2,0.06478149
UE02,Native_vs_Romanized,Hindi,Devanagari,Latin,Formal,6,0.04004103
UE02,Native_vs_Romanized,Hindi,Devanagari,Latin,Formal,12,0.0054534674
UE02,Native_vs_Romanized,Hindi,Devanagari,Latin,SMS/Noisy,2,0.053886414
UE02,Native_vs_Romanized,Hindi,Devanagari,Latin,SMS/Noisy,6,0.050106585
UE02,Native_vs_Romanized,Hindi,Devanagari,Latin,SMS/Noisy,12,0.004936278
UE02,Native_vs_Romanized,Marathi,Devanagari,Latin,Formal,2,0.08491379
UE02,Native_vs_Romanized,Marathi,Devanagari,Latin,Formal,6,0.06406289
UE02,Native_vs_Romanized,Marathi,Devanagari,Latin,Formal,12,0.007925749
UE02,Native_vs_Romanized,Marathi,Devanagari,Latin,SMS/Noisy,2,0.0933131
UE02,Native_vs_Romanized,Marathi,Devanagari,Latin,SMS/Noisy,6,0.06811684
UE02,Native_vs_Romanized,Marathi,Devanagari,Latin,SMS/Noisy,12,0.0069325566
UE02,Formal_vs_Noisy,English,Latin,Latin,Formal_vs_SMS,2,0.021335542
UE02,Formal_vs_Noisy,English,Latin,Latin,Formal_vs_SMS,6,0.03126383
UE02,Formal_vs_Noisy,English,Latin,Latin,Formal_vs_SMS,12,0.002345562
UE02,Formal_vs_Noisy,Hindi,Devanagari,Devanagari,Formal_vs_SMS,2,0.027988613
UE02,Formal_vs_Noisy,Hindi,Devanagari,Devanagari,Formal_vs_SMS,6,0.032476425
UE02,Formal_vs_Noisy,Hindi,Devanagari,Devanagari,Formal_vs_SMS,12,0.0026016831
UE02,Formal_vs_Noisy,Hindi,Latin,Latin,Formal_vs_SMS,2,0.045800507
UE02,Formal_vs_Noisy,Hindi,Latin,Latin,Formal_vs_SMS,6,0.052013278
UE02,Formal_vs_Noisy,Hindi,Latin,Latin,Formal_vs_SMS,12,0.003517568
UE02,Formal_vs_Noisy,Marathi,Devanagari,Devanagari,Formal_vs_SMS,2,0.03045398
UE02,Formal_vs_Noisy,Marathi,Devanagari,Devanagari,Formal_vs_SMS,6,0.02383113
UE02,Formal_vs_Noisy,Marathi,Devanagari,Devanagari,Formal_vs_SMS,12,0.0013384819
UE02,Formal_vs_Noisy,Marathi,Latin,Latin,Formal_vs_SMS,2,0.05559492
UE02,Formal_vs_Noisy,Marathi,Latin,Latin,Formal_vs_SMS,6,0.04185438
UE02,Formal_vs_Noisy,Marathi,Latin,Latin,Formal_vs_SMS,12,0.0034777522
UE03,Native_vs_Romanized,Hindi,Devanagari,Latin,Formal,2,0.096722126
UE03,Native_vs_Romanized,Hindi,Devanagari,Latin,Formal,6,0.08938646
UE03,Native_vs_Romanized,Hindi,Devanagari,Latin,Formal,12,0.01015085
UE03,Native_vs_Romanized,Hindi,Devanagari,Latin,SMS/Noisy,2,0.07806176
UE03,Native_vs_Romanized,Hindi,Devanagari,Latin,SMS/Noisy,6,0.04383129
UE03,Native_vs_Romanized,Hindi,Devanagari,Latin,SMS/Noisy,12,0.0035940409
UE03,Native_vs_Romanized,Marathi,Devanagari,Latin,Formal,2,0.09100658
UE03,Native_vs_Romanized,Marathi,Devanagari,Latin,Formal,6,0.07600713
UE03,Native_vs_Romanized,Marathi,Devanagari,Latin,Formal,12,0.0071827173
UE03,Native_vs_Romanized,Marathi,Devanagari,Latin,SMS/Noisy,2,0.09711301
UE03,Native_vs_Romanized,Marathi,Devanagari,Latin,SMS/Noisy,6,0.07596773
UE03,Native_vs_Romanized,Marathi,Devanagari,Latin,SMS/Noisy,12,0.007627547
UE03,Formal_vs_Noisy,English,Latin,Latin,Formal_vs_SMS,2,0.04535693
UE03,Formal_vs_Noisy,English,Latin,Latin,Formal_vs_SMS,6,0.043027043
UE03,Formal_vs_Noisy,English,Latin,Latin,Formal_vs_SMS,12,0.0047461987
UE03,Formal_vs_Noisy,Hindi,Devanagari,Devanagari,Formal_vs_SMS,2,0.019630075
UE03,Formal_vs_Noisy,Hindi,Devanagari,Devanagari,Formal_vs_SMS,6,0.018919647
UE03,Formal_vs_Noisy,Hindi,Devanagari,Devanagari,Formal_vs_SMS,12,0.001934886
UE03,Formal_vs_Noisy,Hindi,Latin,Latin,Formal_vs_SMS,2,0.069441915
UE03,Formal_vs_Noisy,Hindi,Latin,Latin,Formal_vs_SMS,6,0.055481672
UE03,Formal_vs_Noisy,Hindi,Latin,Latin,Formal_vs_SMS,12,0.0048758388
UE03,Formal_vs_Noisy,Marathi,Devanagari,Devanagari,Formal_vs_SMS,2,0.045160174
UE03,Formal_vs_Noisy,Marathi,Devanagari,Devanagari,Formal_vs_SMS,6,0.036238253
UE03,Formal_vs_Noisy,Marathi,Devanagari,Devanagari,Formal_vs_SMS,12,0.0029129386
UE03,Formal_vs_Noisy,Marathi,Latin,Latin,Formal_vs_SMS,2,0.08502388
UE03,Formal_vs_Noisy,Marathi,Latin,Latin,Formal_vs_SMS,6,0.06207484
UE03,Formal_vs_Noisy,Marathi,Latin,Latin,Formal_vs_SMS,12,0.005580902
UE04,Native_vs_Romanized,Hindi,Devanagari,Latin,Formal,2,0.08875054
UE04,Native_vs_Romanized,Hindi,Devanagari,Latin,Formal,6,0.063212395
UE04,Native_vs_Romanized,Hindi,Devanagari,Latin,Formal,12,0.008113742
UE04,Native_vs_Romanized,Hindi,Devanagari,Latin,SMS/Noisy,2,0.08285594
UE04,Native_vs_Romanized,Hindi,Devanagari,Latin,SMS/Noisy,6,0.055674493
UE04,Native_vs_Romanized,Hindi,Devanagari,Latin,SMS/Noisy,12,0.0054990053
UE04,Native_vs_Romanized,Marathi,Devanagari,Latin,Formal,2,0.098584056
UE04,Native_vs_Romanized,Marathi,Devanagari,Latin,Formal,6,0.06795049
UE04,Native_vs_Romanized,Marathi,Devanagari,Latin,Formal,12,0.005869031
UE04,Native_vs_Romanized,Marathi,Devanagari,Latin,SMS/Noisy,2,0.08346796
UE04,Native_vs_Romanized,Marathi,Devanagari,Latin,SMS/Noisy,6,0.065309525
UE04,Native_vs_Romanized,Marathi,Devanagari,Latin,SMS/Noisy,12,0.0058713555
UE04,Formal_vs_Noisy,English,Latin,Latin,Formal_vs_SMS,2,0.014224708
UE04,Formal_vs_Noisy,English,Latin,Latin,Formal_vs_SMS,6,0.02587533
UE04,Formal_vs_Noisy,English,Latin,Latin,Formal_vs_SMS,12,0.002063036
UE04,Formal_vs_Noisy,Hindi,Devanagari,Devanagari,Formal_vs_SMS,2,0.025663972
UE04,Formal_vs_Noisy,Hindi,Devanagari,Devanagari,Formal_vs_SMS,6,0.020739734
UE04,Formal_vs_Noisy,Hindi,Devanagari,Devanagari,Formal_vs_SMS,12,0.0017430782
UE04,Formal_vs_Noisy,Hindi,Latin,Latin,Formal_vs_SMS,2,0.049090266
UE04,Formal_vs_Noisy,Hindi,Latin,Latin,Formal_vs_SMS,6,0.032872796
UE04,Formal_vs_Noisy,Hindi,Latin,Latin,Formal_vs_SMS,12,0.0030174851
UE04,Formal_vs_Noisy,Marathi,Devanagari,Devanagari,Formal_vs_SMS,2,0.029494643
UE04,Formal_vs_Noisy,Marathi,Devanagari,Devanagari,Formal_vs_SMS,6,0.028589964
UE04,Formal_vs_Noisy,Marathi,Devanagari,Devanagari,Formal_vs_SMS,12,0.0016921759
UE04,Formal_vs_Noisy,Marathi,Latin,Latin,Formal_vs_SMS,2,0.035731554
UE04,Formal_vs_Noisy,Marathi,Latin,Latin,Formal_vs_SMS,6,0.030352175
UE04,Formal_vs_Noisy,Marathi,Latin,Latin,Formal_vs_SMS,12,0.002842009
UE05,Native_vs_Romanized,Hindi,Devanagari,Latin,Formal,2,0.06939709
UE05,Native_vs_Romanized,Hindi,Devanagari,Latin,Formal,6,0.055407584
UE05,Native_vs_Romanized,Hindi,Devanagari,Latin,Formal,12,0.005700052
UE05,Native_vs_Romanized,Hindi,Devanagari,Latin,SMS/Noisy,2,0.08296734
UE05,Native_vs_Romanized,Hindi,Devanagari,Latin,SMS/Noisy,6,0.05566144
UE05,Native_vs_Romanized,Hindi,Devanagari,Latin,SMS/Noisy,12,0.007003665
UE05,Native_vs_Romanized,Marathi,Devanagari,Latin,Formal,2,0.08986342
UE05,Native_vs_Romanized,Marathi,Devanagari,Latin,Formal,6,0.08182287
UE05,Native_vs_Romanized,Marathi,Devanagari,Latin,Formal,12,0.0065134168
UE05,Native_vs_Romanized,Marathi,Devanagari,Latin,SMS/Noisy,2,0.1147567
UE05,Native_vs_Romanized,Marathi,Devanagari,Latin,SMS/Noisy,6,0.06187421
UE05,Native_vs_Romanized,Marathi,Devanagari,Latin,SMS/Noisy,12,0.007344544
UE05,Formal_vs_Noisy,English,Latin,Latin,Formal_vs_SMS,2,0.030596673
UE05,Formal_vs_Noisy,English,Latin,Latin,Formal_vs_SMS,6,0.040577292
UE05,Formal_vs_Noisy,English,Latin,Latin,Formal_vs_SMS,12,0.004462898
UE05,Formal_vs_Noisy,Hindi,Devanagari,Devanagari,Formal_vs_SMS,2,0.028463423
UE05,Formal_vs_Noisy,Hindi,Devanagari,Devanagari,Formal_vs_SMS,6,0.03173411
UE05,Formal_vs_Noisy,Hindi,Devanagari,Devanagari,Formal_vs_SMS,12,0.001996696
UE05,Formal_vs_Noisy,Hindi,Latin,Latin,Formal_vs_SMS,2,0.06197381
UE05,Formal_vs_Noisy,Hindi,Latin,Latin,Formal_vs_SMS,6,0.040272593
UE05,Formal_vs_Noisy,Hindi,Latin,Latin,Formal_vs_SMS,12,0.0046257973
UE05,Formal_vs_Noisy,Marathi,Devanagari,Devanagari,Formal_vs_SMS,2,0.037859082
UE05,Formal_vs_Noisy,Marathi,Devanagari,Devanagari,Formal_vs_SMS,6,0.027875662
UE05,Formal_vs_Noisy,Marathi,Devanagari,Devanagari,Formal_vs_SMS,12,0.0022557974
UE05,Formal_vs_Noisy,Marathi,Latin,Latin,Formal_vs_SMS,2,0.110315025
UE05,Formal_vs_Noisy,Marathi,Latin,Latin,Formal_vs_SMS,6,0.051151395
UE05,Formal_vs_Noisy,Marathi,Latin,Latin,Formal_vs_SMS,12,0.0056529045
UE06,Native_vs_Romanized,Hindi,Devanagari,Latin,Formal,2,0.10779917
UE06,Native_vs_Romanized,Hindi,Devanagari,Latin,Formal,6,0.06798619
UE06,Native_vs_Romanized,Hindi,Devanagari,Latin,Formal,12,0.0073259473
UE06,Native_vs_Romanized,Hindi,Devanagari,Latin,SMS/Noisy,2,0.07577473
UE06,Native_vs_Romanized,Hindi,Devanagari,Latin,SMS/Noisy,6,0.058254242
UE06,Native_vs_Romanized,Hindi,Devanagari,Latin,SMS/Noisy,12,0.0055295825
UE06,Native_vs_Romanized,Marathi,Devanagari,Latin,Formal,2,0.09720647
UE06,Native_vs_Romanized,Marathi,Devanagari,Latin,Formal,6,0.07688016
UE06,Native_vs_Romanized,Marathi,Devanagari,Latin,Formal,12,0.009359479
UE06,Native_vs_Romanized,Marathi,Devanagari,Latin,SMS/Noisy,2,0.06746191
UE06,Native_vs_Romanized,Marathi,Devanagari,Latin,SMS/Noisy,6,0.06348139
UE06,Native_vs_Romanized,Marathi,Devanagari,Latin,SMS/Noisy,12,0.0059177876
UE06,Formal_vs_Noisy,English,Latin,Latin,Formal_vs_SMS,2,0.02841723
UE06,Formal_vs_Noisy,English,Latin,Latin,Formal_vs_SMS,6,0.050489545
UE06,Formal_vs_Noisy,English,Latin,Latin,Formal_vs_SMS,12,0.0038623214
UE06,Formal_vs_Noisy,Hindi,Devanagari,Devanagari,Formal_vs_SMS,2,0.034790695
UE06,Formal_vs_Noisy,Hindi,Devanagari,Devanagari,Formal_vs_SMS,6,0.031852067
UE06,Formal_vs_Noisy,Hindi,Devanagari,Devanagari,Formal_vs_SMS,12,0.0019811988
UE06,Formal_vs_Noisy,Hindi,Latin,Latin,Formal_vs_SMS,2,0.05619186
UE06,Formal_vs_Noisy,Hindi,Latin,Latin,Formal_vs_SMS,6,0.043091416
UE06,Formal_vs_Noisy,Hindi,Latin,Latin,Formal_vs_SMS,12,0.0029274225
UE06,Formal_vs_Noisy,Marathi,Devanagari,Devanagari,Formal_vs_SMS,2,0.010251343
UE06,Formal_vs_Noisy,Marathi,Devanagari,Devanagari,Formal_vs_SMS,6,0.014261007
UE06,Formal_vs_Noisy,Marathi,Devanagari,Devanagari,Formal_vs_SMS,12,0.002058506
UE06,Formal_vs_Noisy,Marathi,Latin,Latin,Formal_vs_SMS,2,0.078392684
UE06,Formal_vs_Noisy,Marathi,Latin,Latin,Formal_vs_SMS,6,0.06978428
UE06,Formal_vs_Noisy,Marathi,Latin,Latin,Formal_vs_SMS,12,0.005774498
UE07,Native_vs_Romanized,Hindi,Devanagari,Latin,Formal,2,0.100663304
UE07,Native_vs_Romanized,Hindi,Devanagari,Latin,Formal,6,0.09783828
UE07,Native_vs_Romanized,Hindi,Devanagari,Latin,Formal,12,0.01026684
UE07,Native_vs_Romanized,Hindi,Devanagari,Latin,SMS/Noisy,2,0.057840705
UE07,Native_vs_Romanized,Hindi,Devanagari,Latin,SMS/Noisy,6,0.027761221
UE07,Native_vs_Romanized,Hindi,Devanagari,Latin,SMS/Noisy,12,0.0042045712
UE07,Native_vs_Romanized,Marathi,Devanagari,Latin,Formal,2,0.10726136
UE07,Native_vs_Romanized,Marathi,Devanagari,Latin,Formal,6,0.07910693
UE07,Native_vs_Romanized,Marathi,Devanagari,Latin,Formal,12,0.008518517
UE07,Native_vs_Romanized,Marathi,Devanagari,Latin,SMS/Noisy,2,0.0872668
UE07,Native_vs_Romanized,Marathi,Devanagari,Latin,SMS/Noisy,6,0.07330811
UE07,Native_vs_Romanized,Marathi,Devanagari,Latin,SMS/Noisy,12,0.0064361095
UE07,Formal_vs_Noisy,English,Latin,Latin,Formal_vs_SMS,2,0.062458336
UE07,Formal_vs_Noisy,English,Latin,Latin,Formal_vs_SMS,6,0.0664897
UE07,Formal_vs_Noisy,English,Latin,Latin,Formal_vs_SMS,12,0.006366968
UE07,Formal_vs_Noisy,Hindi,Devanagari,Devanagari,Formal_vs_SMS,2,0.042344093
UE07,Formal_vs_Noisy,Hindi,Devanagari,Devanagari,Formal_vs_SMS,6,0.040002167
UE07,Formal_vs_Noisy,Hindi,Devanagari,Devanagari,Formal_vs_SMS,12,0.0034576654
UE07,Formal_vs_Noisy,Hindi,Latin,Latin,Formal_vs_SMS,2,0.080953
UE07,Formal_vs_Noisy,Hindi,Latin,Latin,Formal_vs_SMS,6,0.069300175
UE07,Formal_vs_Noisy,Hindi,Latin,Latin,Formal_vs_SMS,12,0.0044366717
UE07,Formal_vs_Noisy,Marathi,Devanagari,Devanagari,Formal_vs_SMS,2,0.019592762
UE07,Formal_vs_Noisy,Marathi,Devanagari,Devanagari,Formal_vs_SMS,6,0.014555097
UE07,Formal_vs_Noisy,Marathi,Devanagari,Devanagari,Formal_vs_SMS,12,0.0010211468
UE07,Formal_vs_Noisy,Marathi,Latin,Latin,Formal_vs_SMS,2,0.05331254
UE07,Formal_vs_Noisy,Marathi,Latin,Latin,Formal_vs_SMS,6,0.037311494
UE07,Formal_vs_Noisy,Marathi,Latin,Latin,Formal_vs_SMS,12,0.0032296777
UE08,Native_vs_Romanized,Hindi,Devanagari,Latin,Formal,2,0.07935703
UE08,Native_vs_Romanized,Hindi,Devanagari,Latin,Formal,6,0.051217377
UE08,Native_vs_Romanized,Hindi,Devanagari,Latin,Formal,12,0.005345702
UE08,Native_vs_Romanized,Hindi,Devanagari,Latin,SMS/Noisy,2,0.06482601
UE08,Native_vs_Romanized,Hindi,Devanagari,Latin,SMS/Noisy,6,0.07053959
UE08,Native_vs_Romanized,Hindi,Devanagari,Latin,SMS/Noisy,12,0.007483244
UE08,Native_vs_Romanized,Marathi,Devanagari,Latin,Formal,2,0.106684744
UE08,Native_vs_Romanized,Marathi,Devanagari,Latin,Formal,6,0.08846402
UE08,Native_vs_Romanized,Marathi,Devanagari,Latin,Formal,12,0.00972271
UE08,Native_vs_Romanized,Marathi,Devanagari,Latin,SMS/Noisy,2,0.101664424
UE08,Native_vs_Romanized,Marathi,Devanagari,Latin,SMS/Noisy,6,0.07449812
UE08,Native_vs_Romanized,Marathi,Devanagari,Latin,SMS/Noisy,12,0.007978618
UE08,Formal_vs_Noisy,English,Latin,Latin,Formal_vs_SMS,2,0.05175799
UE08,Formal_vs_Noisy,English,Latin,Latin,Formal_vs_SMS,6,0.07150853
UE08,Formal_vs_Noisy,English,Latin,Latin,Formal_vs_SMS,12,0.004594147
UE08,Formal_vs_Noisy,Hindi,Devanagari,Devanagari,Formal_vs_SMS,2,0.021476984
UE08,Formal_vs_Noisy,Hindi,Devanagari,Devanagari,Formal_vs_SMS,6,0.030954719
UE08,Formal_vs_Noisy,Hindi,Devanagari,Devanagari,Formal_vs_SMS,12,0.0026298761
UE08,Formal_vs_Noisy,Hindi,Latin,Latin,Formal_vs_SMS,2,0.0690878
UE08,Formal_vs_Noisy,Hindi,Latin,Latin,Formal_vs_SMS,6,0.053017974
UE08,Formal_vs_Noisy,Hindi,Latin,Latin,Formal_vs_SMS,12,0.0033650994
UE08,Formal_vs_Noisy,Marathi,Devanagari,Devanagari,Formal_vs_SMS,2,0.02929622
UE08,Formal_vs_Noisy,Marathi,Devanagari,Devanagari,Formal_vs_SMS,6,0.022988796
UE08,Formal_vs_Noisy,Marathi,Devanagari,Devanagari,Formal_vs_SMS,12,0.0017108321
UE08,Formal_vs_Noisy,Marathi,Latin,Latin,Formal_vs_SMS,2,0.057016373
UE08,Formal_vs_Noisy,Marathi,Latin,Latin,Formal_vs_SMS,6,0.044553638
UE08,Formal_vs_Noisy,Marathi,Latin,Latin,Formal_vs_SMS,12,0.0053378344
UE09,Native_vs_Romanized,Hindi,Devanagari,Latin,Formal,2,0.055169463
UE09,Native_vs_Romanized,Hindi,Devanagari,Latin,Formal,6,0.0384444
UE09,Native_vs_Romanized,Hindi,Devanagari,Latin,Formal,12,0.0044335127
UE09,Native_vs_Romanized,Hindi,Devanagari,Latin,SMS/Noisy,2,0.058740318
UE09,Native_vs_Romanized,Hindi,Devanagari,Latin,SMS/Noisy,6,0.0480963
UE09,Native_vs_Romanized,Hindi,Devanagari,Latin,SMS/Noisy,12,0.006642282
UE09,Native_vs_Romanized,Marathi,Devanagari,Latin,Formal,2,0.10147631
UE09,Native_vs_Romanized,Marathi,Devanagari,Latin,Formal,6,0.08182758
UE09,Native_vs_Romanized,Marathi,Devanagari,Latin,Formal,12,0.009843349
UE09,Native_vs_Romanized,Marathi,Devanagari,Latin,SMS/Noisy,2,0.110052824
UE09,Native_vs_Romanized,Marathi,Devanagari,Latin,SMS/Noisy,6,0.07687968
UE09,Native_vs_Romanized,Marathi,Devanagari,Latin,SMS/Noisy,12,0.009073615
UE09,Formal_vs_Noisy,English,Latin,Latin,Formal_vs_SMS,2,0.037543416
UE09,Formal_vs_Noisy,English,Latin,Latin,Formal_vs_SMS,6,0.042880952
UE09,Formal_vs_Noisy,English,Latin,Latin,Formal_vs_SMS,12,0.0034820437
UE09,Formal_vs_Noisy,Hindi,Devanagari,Devanagari,Formal_vs_SMS,2,0.031505167
UE09,Formal_vs_Noisy,Hindi,Devanagari,Devanagari,Formal_vs_SMS,6,0.02706933
UE09,Formal_vs_Noisy,Hindi,Devanagari,Devanagari,Formal_vs_SMS,12,0.0024122596
UE09,Formal_vs_Noisy,Hindi,Latin,Latin,Formal_vs_SMS,2,0.04730606
UE09,Formal_vs_Noisy,Hindi,Latin,Latin,Formal_vs_SMS,6,0.04088372
UE09,Formal_vs_Noisy,Hindi,Latin,Latin,Formal_vs_SMS,12,0.0028460622
UE09,Formal_vs_Noisy,Marathi,Devanagari,Devanagari,Formal_vs_SMS,2,0.015617132
UE09,Formal_vs_Noisy,Marathi,Devanagari,Devanagari,Formal_vs_SMS,6,0.010788679
UE09,Formal_vs_Noisy,Marathi,Devanagari,Devanagari,Formal_vs_SMS,12,0.0015855432
UE09,Formal_vs_Noisy,Marathi,Latin,Latin,Formal_vs_SMS,2,0.03999269
UE09,Formal_vs_Noisy,Marathi,Latin,Latin,Formal_vs_SMS,6,0.031031966
UE09,Formal_vs_Noisy,Marathi,Latin,Latin,Formal_vs_SMS,12,0.0035315752
UE10,Native_vs_Romanized,Hindi,Devanagari,Latin,Formal,2,0.085840285
UE10,Native_vs_Romanized,Hindi,Devanagari,Latin,Formal,6,0.053421736
UE10,Native_vs_Romanized,Hindi,Devanagari,Latin,Formal,12,0.0063910484
UE10,Native_vs_Romanized,Hindi,Devanagari,Latin,SMS/Noisy,2,0.068787396
UE10,Native_vs_Romanized,Hindi,Devanagari,Latin,SMS/Noisy,6,0.04609239
UE10,Native_vs_Romanized,Hindi,Devanagari,Latin,SMS/Noisy,12,0.005959928
UE10,Native_vs_Romanized,Marathi,Devanagari,Latin,Formal,2,0.12383163
UE10,Native_vs_Romanized,Marathi,Devanagari,Latin,Formal,6,0.09954971
UE10,Native_vs_Romanized,Marathi,Devanagari,Latin,Formal,12,0.008507371
UE10,Native_vs_Romanized,Marathi,Devanagari,Latin,SMS/Noisy,2,0.055746615
UE10,Native_vs_Romanized,Marathi,Devanagari,Latin,SMS/Noisy,6,0.04453206
UE10,Native_vs_Romanized,Marathi,Devanagari,Latin,SMS/Noisy,12,0.004768908
UE10,Formal_vs_Noisy,English,Latin,Latin,Formal_vs_SMS,2,0.06448561
UE10,Formal_vs_Noisy,English,Latin,Latin,Formal_vs_SMS,6,0.06038606
UE10,Formal_vs_Noisy,English,Latin,Latin,Formal_vs_SMS,12,0.0046952963
UE10,Formal_vs_Noisy,Hindi,Devanagari,Devanagari,Formal_vs_SMS,2,0.028445065
UE10,Formal_vs_Noisy,Hindi,Devanagari,Devanagari,Formal_vs_SMS,6,0.026962638
UE10,Formal_vs_Noisy,Hindi,Devanagari,Devanagari,Formal_vs_SMS,12,0.0021170974
UE10,Formal_vs_Noisy,Hindi,Latin,Latin,Formal_vs_SMS,2,0.03235072
UE10,Formal_vs_Noisy,Hindi,Latin,Latin,Formal_vs_SMS,6,0.028371572
UE10,Formal_vs_Noisy,Hindi,Latin,Latin,Formal_vs_SMS,12,0.0021644235
UE10,Formal_vs_Noisy,Marathi,Devanagari,Devanagari,Formal_vs_SMS,2,0.035311043
UE10,Formal_vs_Noisy,Marathi,Devanagari,Devanagari,Formal_vs_SMS,6,0.030067563
UE10,Formal_vs_Noisy,Marathi,Devanagari,Devanagari,Formal_vs_SMS,12,0.0025337338
UE10,Formal_vs_Noisy,Marathi,Latin,Latin,Formal_vs_SMS,2,0.08026618
UE10,Formal_vs_Noisy,Marathi,Latin,Latin,Formal_vs_SMS,6,0.057922423
UE10,Formal_vs_Noisy,Marathi,Latin,Latin,Formal_vs_SMS,12,0.0046396255
